ad_id,page_name,page_url,link_url,risk_score,ai_result,logo_found,best_conf,bbox_count,ocr_text_preview,matched_scam,matched_brand,allowed_domain,domain,error
gen_ca7b0fc1a370,Oruçoğlu Termal,https://www.facebook.com/Orucogluthermal/,,20,GÜVENLİ,False,0.0,0,istanbul'dan gelenlere ozel firsatlarla... simdi rezervasyon yap 3 ayo varan taksit imkani goranti b,,,False,,
gen_d7629989806c,Pazarama,https://www.facebook.com/pazaramaco/,https://pazarama.go.link/c/blog/puanlarini-aktar?adj_t=480w1ou&adj_campaign=28022024_puanlariniaktar2025_conversion&adj_creative=meta&adj_fallback=https%3A%2F%2Fwww.pazarama.com%2Fblog%2Fpuanlarini-aktar%3Futm_source%3Dmeta%26utm_medium%3Dcpc%26utm_campaign%3D28022024_puanlariniaktar2025_conversion&adj_redirect=https%3A%2F%2Fwww.pazarama.com%2Fblog%2Fpuanlarini-aktar%3Futm_source%3Dmeta%26utm_medium%3Dcpc%26utm_campaign%3D28022024_puanlariniaktar2025_conversion&adj_mobile_not_track=1&utm_source=meta&utm_medium=cpc&utm_campaign=28022024_puanlariniaktar2025_conversion,85,DOLANDIRICI,True,0.1938,1,"banka ve kredi kartinda biriken puanlarini pazarama’ya aktar, ister aligverislerinde ister pazarama ",,vakıfbank|vakifbank,False,pazarama.go.link,
gen_56e5cf104d15,Oruçoğlu Termal,https://www.facebook.com/Orucogluthermal/,,10,GÜVENLİ,False,0.0,0,"lu *.%, thermal resort e 36h. yil boyu tatil firsatlar tek bir arama kadar yakin' 3 aya varan taksit",,,False,,
gen_b92d1ae787e4,KuyNet,https://www.facebook.com/kuynettr/,http://www.kuynet.com/,25,GÜVENLİ,False,0.0,0,2 } 2 | b £ = & g 3,,,False,www.kuynet.com,
gen_1f92b0bd3c8b,Sara Sweeti,https://www.facebook.com/61577736704901/,,35,GÜVENLİ,True,0.6404,1,"ug ds coal 95 as 73 sls lew g4,s5ls 5h c1943 wilyal cy ganuly ly bad sal cab lan ss 51 plas 73 99 gu",,,False,,
gen_d53acd3064b6,Oruçoğlu Termal,https://www.facebook.com/Orucogluthermal/,,10,GÜVENLİ,False,0.0,0,(2 \ orucoglu orugoglu’nda sicacik kis tatili firsati! bitzi arayin fersation yokotoyin 0 (272) 2515,,,False,,
gen_f55347952f64,eslem_telekom_vodafone,https://l.facebook.com/l.php?u=https%3A%2F%2Fwww.instagram.com%2F_u%2Feslem_telekom_vodafone&h=AT6ofPfUmxfxSkNH4mq2kE09STjkxNpK-kc2gQk8dgJwW8NPFpHQG2tNvgc9WhGmI1j6DxZd5UOUTHtmNIUyLYOa20uTXdTqsnp3HPPxN2k1of0zDAqYajTokupP-zaJ-iZLJWQ78mJ_odlnCupS4t_fW3g,https://www.instagram.com/_u/eslem_telekom_vodafone,50,ŞÜPHELİ,False,0.0,0,eslem telekom vakifbank yani malkara akilli telefonlar vodafone hattiniza [ste va 12 ay’ i3) ‘ taksi,,vakıfbank|vakifbank,False,www.instagram.com,
gen_f6ef6b51f7c8,Personel Alım İlanları,https://www.facebook.com/61577684895464/,http://www.kitapkargo.com/,35,GÜVENLİ,False,0.0,0,bankaci ol ! efsane full sinav seti bankaciol! 4 sankaci ol! i alanbilgisi ers hotlar: bankactux | 1,,,False,www.kitapkargo.com,
gen_e4854821c51e,MNG Turizm,https://www.facebook.com/MNGTurizmTatil/,https://www.mngturizm.com/mega-promosyon-misir-saheserleri-turu-pegasus-hy-ile-5-gece---iskenderiye-cikisli-afa108,35,GÜVENLİ,False,0.0,0,"= promosyon _ misir saheser es oiger odeo eg ekiibonk wtsecaneiering® 5.20sini simol, 30 com kalana ",,,False,www.mngturizm.com,
gen_df4038eb4d13,antforageziturlari,https://l.facebook.com/l.php?u=https%3A%2F%2Fwww.instagram.com%2F_u%2Fantforageziturlari&h=AT6ofPfUmxfxSkNH4mq2kE09STjkxNpK-kc2gQk8dgJwW8NPFpHQG2tNvgc9WhGmI1j6DxZd5UOUTHtmNIUyLYOa20uTXdTqsnp3HPPxN2k1of0zDAqYajTokupP-zaJ-iZLJWQ78mJ_odlnCupS4t_fW3g,https://www.instagram.com/_u/antforageziturlari,25,GÜVENLİ,False,0.0,0,en uygun fiyat garantisi © +905465531717 ex pe ae belge no: 18582,,,False,www.instagram.com,
gen_1bcea8a7079d,,https://l.facebook.com/l.php?u=https%3A%2F%2Fwww.mngturizm.com%2Felit-hollanda-amsterdam-turu-thy-3-gece-23-nisan-donemi-avm586&h=AT6ofPfUmxfxSkNH4mq2kE09STjkxNpK-kc2gQk8dgJwW8NPFpHQG2tNvgc9WhGmI1j6DxZd5UOUTHtmNIUyLYOa20uTXdTqsnp3HPPxN2k1of0zDAqYajTokupP-zaJ-iZLJWQ78mJ_odlnCupS4t_fW3g,https://www.mngturizm.com/elit-hollanda-amsterdam-turu-thy-3-gece-23-nisan-donemi-avm586,85,DOLANDIRICI,True,0.3314,1,"3g eg e >) turkish 4gun <7 airlines aa geziler dahil, ekstra tur odemesi yok! y f © vakifbank ite 8.",,vakıfbank|vakifbank,False,www.mngturizm.com,
gen_46b71e805910,,https://l.facebook.com/l.php?u=https%3A%2F%2Fwww.mngturizm.com%2Felit-hollanda-amsterdam-turu-thy-3-gece-23-nisan-donemi-avm586&h=AT6ofPfUmxfxSkNH4mq2kE09STjkxNpK-kc2gQk8dgJwW8NPFpHQG2tNvgc9WhGmI1j6DxZd5UOUTHtmNIUyLYOa20uTXdTqsnp3HPPxN2k1of0zDAqYajTokupP-zaJ-iZLJWQ78mJ_odlnCupS4t_fW3g,https://www.mngturizm.com/elit-hollanda-amsterdam-turu-thy-3-gece-23-nisan-donemi-avm586,70,DOLANDIRICI,True,0.6911,1,elit isvicre * 3 cece anna 4 gun tum ekstra tur — : odemesi yok! ff 23 nisan 2026 j © vakitbank ie |,,,False,www.mngturizm.com,
gen_4b89fa3a6b94,,https://l.facebook.com/l.php?u=https%3A%2F%2Fwww.mngturizm.com%2Felit-hollanda-amsterdam-turu-thy-3-gece-23-nisan-donemi-avm586&h=AT6ofPfUmxfxSkNH4mq2kE09STjkxNpK-kc2gQk8dgJwW8NPFpHQG2tNvgc9WhGmI1j6DxZd5UOUTHtmNIUyLYOa20uTXdTqsnp3HPPxN2k1of0zDAqYajTokupP-zaJ-iZLJWQ78mJ_odlnCupS4t_fW3g,https://www.mngturizm.com/elit-hollanda-amsterdam-turu-thy-3-gece-23-nisan-donemi-avm586,85,DOLANDIRICI,True,0.6772,2,". 23 nisan donemi elit alsace ve romantik yol almanya muhtesem rhein nehir aaa ecun tne 5gun pi b, g",,vakıfbank|vakifbank,False,www.mngturizm.com,
gen_109895296a75,,https://l.facebook.com/l.php?u=https%3A%2F%2Fwww.mngturizm.com%2Felit-hollanda-amsterdam-turu-thy-3-gece-23-nisan-donemi-avm586&h=AT6ofPfUmxfxSkNH4mq2kE09STjkxNpK-kc2gQk8dgJwW8NPFpHQG2tNvgc9WhGmI1j6DxZd5UOUTHtmNIUyLYOa20uTXdTqsnp3HPPxN2k1of0zDAqYajTokupP-zaJ-iZLJWQ78mJ_odlnCupS4t_fW3g,https://www.mngturizm.com/elit-hollanda-amsterdam-turu-thy-3-gece-23-nisan-donemi-avm586,85,DOLANDIRICI,True,0.6561,1,"f elit alsace ve colmar =) gece turkish | 4 gun airlines tum i geziler dahil, ekstra tur odemesi yok",,vakıfbank|vakifbank,False,www.mngturizm.com,
gen_a9d4273ca967,,https://l.facebook.com/l.php?u=https%3A%2F%2Fwww.mngturizm.com%2Felit-hollanda-amsterdam-turu-thy-3-gece-23-nisan-donemi-avm586&h=AT6ofPfUmxfxSkNH4mq2kE09STjkxNpK-kc2gQk8dgJwW8NPFpHQG2tNvgc9WhGmI1j6DxZd5UOUTHtmNIUyLYOa20uTXdTqsnp3HPPxN2k1of0zDAqYajTokupP-zaJ-iZLJWQ78mJ_odlnCupS4t_fW3g,https://www.mngturizm.com/elit-hollanda-amsterdam-turu-thy-3-gece-23-nisan-donemi-avm586,60,ŞÜPHELİ,True,0.6821,1,"7 23 nisan donemi elit slovenya avusturya almanya tum geziler dahil, ekstra tur odemesi yok!",,,False,www.mngturizm.com,
gen_5270e3098733,,https://l.facebook.com/l.php?u=https%3A%2F%2Fwww.instagram.com%2F_u%2Fbekobeyazinci&h=AT6ofPfUmxfxSkNH4mq2kE09STjkxNpK-kc2gQk8dgJwW8NPFpHQG2tNvgc9WhGmI1j6DxZd5UOUTHtmNIUyLYOa20uTXdTqsnp3HPPxN2k1of0zDAqYajTokupP-zaJ-iZLJWQ78mJ_odlnCupS4t_fW3g,https://www.instagram.com/_u/bekobeyazinci,35,GÜVENLİ,False,0.0,0,sadece magazamiza ozel ! at kurutma makinesi alimlarinizda gecerli efsane indirimler ! mart nakit - ,,,False,www.instagram.com,
gen_69bfa22f01d2,,https://l.facebook.com/l.php?u=https%3A%2F%2Fwww.instagram.com%2F_u%2Fbekobeyazinci&h=AT6ofPfUmxfxSkNH4mq2kE09STjkxNpK-kc2gQk8dgJwW8NPFpHQG2tNvgc9WhGmI1j6DxZd5UOUTHtmNIUyLYOa20uTXdTqsnp3HPPxN2k1of0zDAqYajTokupP-zaJ-iZLJWQ78mJ_odlnCupS4t_fW3g,https://www.instagram.com/_u/bekobeyazinci,35,GÜVENLİ,False,0.0,0,sadece magazamiza ozel ! rai klima alimlarinizda gecerli efsane we indirimler ! bile nakit - kredi k,,,False,www.instagram.com,
gen_ce7e9fb0000e,,https://l.facebook.com/l.php?u=https%3A%2F%2Fwww.instagram.com%2F_u%2Fbekobeyazinci&h=AT6ofPfUmxfxSkNH4mq2kE09STjkxNpK-kc2gQk8dgJwW8NPFpHQG2tNvgc9WhGmI1j6DxZd5UOUTHtmNIUyLYOa20uTXdTqsnp3HPPxN2k1of0zDAqYajTokupP-zaJ-iZLJWQ78mJ_odlnCupS4t_fW3g,https://www.instagram.com/_u/bekobeyazinci,100,DOLANDIRICI,True,0.2124,1,"sadece magazamiza ozel ! “ct secili kurutma makinesi alimlariniza ozel 32"" televizyon hediye ! mart ",hediye,vakıfbank|vakifbank,False,www.instagram.com,
gen_728c9af17ef8,,https://l.facebook.com/l.php?u=https%3A%2F%2Fwww.instagram.com%2F_u%2Fbekobeyazinci&h=AT6ofPfUmxfxSkNH4mq2kE09STjkxNpK-kc2gQk8dgJwW8NPFpHQG2tNvgc9WhGmI1j6DxZd5UOUTHtmNIUyLYOa20uTXdTqsnp3HPPxN2k1of0zDAqYajTokupP-zaJ-iZLJWQ78mJ_odlnCupS4t_fW3g,https://www.instagram.com/_u/bekobeyazinci,50,ŞÜPHELİ,False,0.0,0,sadece magazamiza ozel! at camasir makinesi alimlarinizda mart gecerli efsane indirimler ! nakit - k,,vakıfbank|vakifbank,False,www.instagram.com,
gen_be98daa775e2,,https://l.facebook.com/l.php?u=https%3A%2F%2Fwww.instagram.com%2F_u%2Fbekobeyazinci&h=AT6ofPfUmxfxSkNH4mq2kE09STjkxNpK-kc2gQk8dgJwW8NPFpHQG2tNvgc9WhGmI1j6DxZd5UOUTHtmNIUyLYOa20uTXdTqsnp3HPPxN2k1of0zDAqYajTokupP-zaJ-iZLJWQ78mJ_odlnCupS4t_fW3g,https://www.instagram.com/_u/bekobeyazinci,50,ŞÜPHELİ,False,0.0,0,sadece magazamiza ozel ! rat bulasik makinesi alimlarinizda oe gecerli efsane indirimler ! bile naki,,vakıfbank|vakifbank,False,www.instagram.com,
gen_1d90e5cadba5,,https://l.facebook.com/l.php?u=https%3A%2F%2Fwww.instagram.com%2F_u%2Fbekobeyazinci&h=AT6ofPfUmxfxSkNH4mq2kE09STjkxNpK-kc2gQk8dgJwW8NPFpHQG2tNvgc9WhGmI1j6DxZd5UOUTHtmNIUyLYOa20uTXdTqsnp3HPPxN2k1of0zDAqYajTokupP-zaJ-iZLJWQ78mJ_odlnCupS4t_fW3g,https://www.instagram.com/_u/bekobeyazinci,35,GÜVENLİ,False,0.0,0,sadece magazamiza ozel ! “ct buzdolabi alimlarinizda gecerli efsane indirimler ! art nakit - kredi k,,,False,www.instagram.com,
gen_6e5b68e7c94a,,https://l.facebook.com/l.php?u=https%3A%2F%2Fwww.instagram.com%2F_u%2Fbekobeyazinci&h=AT6ofPfUmxfxSkNH4mq2kE09STjkxNpK-kc2gQk8dgJwW8NPFpHQG2tNvgc9WhGmI1j6DxZd5UOUTHtmNIUyLYOa20uTXdTqsnp3HPPxN2k1of0zDAqYajTokupP-zaJ-iZLJWQ78mJ_odlnCupS4t_fW3g,https://www.instagram.com/_u/bekobeyazinci,50,ŞÜPHELİ,False,0.0,0,sadece magazamiza ozel ! ras ankastre cam set alimlarinizda ee gecerli efsane indirimler ! bile naki,,vakıfbank|vakifbank,False,www.instagram.com,
gen_20d6deeced19,,https://l.facebook.com/l.php?u=https%3A%2F%2Fwww.instagram.com%2F_u%2Fbekobeyazinci&h=AT6ofPfUmxfxSkNH4mq2kE09STjkxNpK-kc2gQk8dgJwW8NPFpHQG2tNvgc9WhGmI1j6DxZd5UOUTHtmNIUyLYOa20uTXdTqsnp3HPPxN2k1of0zDAqYajTokupP-zaJ-iZLJWQ78mJ_odlnCupS4t_fW3g,https://www.instagram.com/_u/bekobeyazinci,80,DOLANDIRICI,False,0.0,0,sadece magazamiza ozel ! ae 74 cm ve uzeri buzdolabi alimina ozel sarjli dikey siipiirge veya cam ma,hediye,,False,www.instagram.com,
gen_ebffb8f9aaf3,,https://l.facebook.com/l.php?u=https%3A%2F%2Fwww.instagram.com%2F_u%2Fbekobeyazinci&h=AT6ofPfUmxfxSkNH4mq2kE09STjkxNpK-kc2gQk8dgJwW8NPFpHQG2tNvgc9WhGmI1j6DxZd5UOUTHtmNIUyLYOa20uTXdTqsnp3HPPxN2k1of0zDAqYajTokupP-zaJ-iZLJWQ78mJ_odlnCupS4t_fW3g,https://www.instagram.com/_u/bekobeyazinci,80,DOLANDIRICI,False,0.0,0,"sadece magazamiza ozel! st 55"" ve uzeri tv alimlariniza ozel mart turk kahve makinesi hediye ! nakit",hediye,,False,www.instagram.com,
gen_827b4b83d08c,,https://l.facebook.com/l.php?u=https%3A%2F%2Fwww.instagram.com%2F_u%2Fbekobeyazinci&h=AT6ofPfUmxfxSkNH4mq2kE09STjkxNpK-kc2gQk8dgJwW8NPFpHQG2tNvgc9WhGmI1j6DxZd5UOUTHtmNIUyLYOa20uTXdTqsnp3HPPxN2k1of0zDAqYajTokupP-zaJ-iZLJWQ78mJ_odlnCupS4t_fW3g,https://www.instagram.com/_u/bekobeyazinci,35,GÜVENLİ,False,0.0,0,sadece magazamiza ozel ! rai ceyiz paketi aliminlarizda gecerli ute efsane indirimler ! bile nakit -,,,False,www.instagram.com,
gen_ba08dba0fc80,antforageziturlari,https://l.facebook.com/l.php?u=https%3A%2F%2Fwww.instagram.com%2F_u%2Fantforageziturlari&h=AT6ofPfUmxfxSkNH4mq2kE09STjkxNpK-kc2gQk8dgJwW8NPFpHQG2tNvgc9WhGmI1j6DxZd5UOUTHtmNIUyLYOa20uTXdTqsnp3HPPxN2k1of0zDAqYajTokupP-zaJ-iZLJWQ78mJ_odlnCupS4t_fW3g,https://www.instagram.com/_u/antforageziturlari,25,GÜVENLİ,False,0.0,0,f daca mart +8 mart +21 mart. en uygun fiyat igi bagi sadece 4 garantisi 1.399 & yisiniri kontenjan ,,,False,www.instagram.com,
gen_f2d73961973b,KUŞÇUOĞLU LASTİK,https://www.facebook.com/Kuscuoglulastik/,,25,GÜVENLİ,False,0.0,0,"kusguoglue fiyati uygun, performans! yuksek lastikler arayanlara! it: jvitlestone - performans lasti",,vakıfbank|vakifbank,False,,
gen_e2f0761e36da,,https://l.facebook.com/l.php?u=http%3A%2F%2Finstagram.com%2Fortadoguhastanesitarsus&h=AT6ofPfUmxfxSkNH4mq2kE09STjkxNpK-kc2gQk8dgJwW8NPFpHQG2tNvgc9WhGmI1j6DxZd5UOUTHtmNIUyLYOa20uTXdTqsnp3HPPxN2k1of0zDAqYajTokupP-zaJ-iZLJWQ78mJ_odlnCupS4t_fW3g,http://instagram.com/ortadoguhastanesitarsus,25,GÜVENLİ,False,0.0,0,"tamamiayici sa§lik sigortasi ve ozel saglik sigortasi hizmetilerimiz —tarsus—, randevu ve lletisim o",,,False,instagram.com,
gen_a0b72f647b3b,,https://l.facebook.com/l.php?u=http%3A%2F%2Finstagram.com%2Fortadoguhastanesitarsus&h=AT6ofPfUmxfxSkNH4mq2kE09STjkxNpK-kc2gQk8dgJwW8NPFpHQG2tNvgc9WhGmI1j6DxZd5UOUTHtmNIUyLYOa20uTXdTqsnp3HPPxN2k1of0zDAqYajTokupP-zaJ-iZLJWQ78mJ_odlnCupS4t_fW3g,http://instagram.com/ortadoguhastanesitarsus,70,DOLANDIRICI,True,0.2979,1,anlasmali oldugumuz tamamilayici saglik sigortasi (tss) kurumlar mil siconta allianz @) aksigorta @t,,,False,instagram.com,
gen_693d26248162,,https://l.facebook.com/l.php?u=http%3A%2F%2Finstagram.com%2Fortadoguhastanesitarsus&h=AT6ofPfUmxfxSkNH4mq2kE09STjkxNpK-kc2gQk8dgJwW8NPFpHQG2tNvgc9WhGmI1j6DxZd5UOUTHtmNIUyLYOa20uTXdTqsnp3HPPxN2k1of0zDAqYajTokupP-zaJ-iZLJWQ78mJ_odlnCupS4t_fW3g,http://instagram.com/ortadoguhastanesitarsus,75,DOLANDIRICI,True,0.9324,1,"anlasmali oldugumuz 6zel saghk sigortasi (6ss) kurumian pa, bardem allianz @) fy seer: qo turkiye si",,vakıfbank|vakifbank,False,instagram.com,
gen_a4bdc337f61e,Oruçoğlu Termal,https://www.facebook.com/Orucogluthermal/,,10,GÜVENLİ,False,0.0,0,(2 \ orucoglu orugoglu’nda sicacik kis tatili firsati! bitzi arayin fersation yokotoyin 0 (272) 2515,,,False,,
gen_eea21753cfd6,KuyNet,https://www.facebook.com/kuynettr/,http://www.kuynet.com/,25,GÜVENLİ,False,0.0,0,2 } 2 | b £ = & g 3,,,False,www.kuynet.com,
gen_4e046f7d7884,,https://l.facebook.com/l.php?u=https%3A%2F%2Fwww.instagram.com%2F_u%2Fskyjetebike&h=AT6ofPfUmxfxSkNH4mq2kE09STjkxNpK-kc2gQk8dgJwW8NPFpHQG2tNvgc9WhGmI1j6DxZd5UOUTHtmNIUyLYOa20uTXdTqsnp3HPPxN2k1of0zDAqYajTokupP-zaJ-iZLJWQ78mJ_odlnCupS4t_fW3g,https://www.instagram.com/_u/skyjetebike,25,GÜVENLİ,False,0.0,0,skujed robusto. r | 8 i io 3.700.,,,False,www.instagram.com,
gen_4b8bf905ef3c,,https://l.facebook.com/l.php?u=https%3A%2F%2Fwww.instagram.com%2F_u%2Fskyjetebike&h=AT6ofPfUmxfxSkNH4mq2kE09STjkxNpK-kc2gQk8dgJwW8NPFpHQG2tNvgc9WhGmI1j6DxZd5UOUTHtmNIUyLYOa20uTXdTqsnp3HPPxN2k1of0zDAqYajTokupP-zaJ-iZLJWQ78mJ_odlnCupS4t_fW3g,https://www.instagram.com/_u/skyjetebike,25,GÜVENLİ,False,0.0,0,robusto nakitve3 taksite = . motor maks. hiz menzit batarya 250w 25km 40“5km ——_4ev 13h,,,False,www.instagram.com,
gen_aaa25a801252,,https://l.facebook.com/l.php?u=https%3A%2F%2Fwww.instagram.com%2F_u%2Fskyjetebike&h=AT6ofPfUmxfxSkNH4mq2kE09STjkxNpK-kc2gQk8dgJwW8NPFpHQG2tNvgc9WhGmI1j6DxZd5UOUTHtmNIUyLYOa20uTXdTqsnp3HPPxN2k1of0zDAqYajTokupP-zaJ-iZLJWQ78mJ_odlnCupS4t_fW3g,https://www.instagram.com/_u/skyjetebike,25,GÜVENLİ,False,0.0,0,robusto 2 nakitve3 taksite ozel! 38.496,,,False,www.instagram.com,
gen_19c06b43caee,,https://l.facebook.com/l.php?u=https%3A%2F%2Fwww.instagram.com%2F_u%2Fskyjetebike&h=AT6ofPfUmxfxSkNH4mq2kE09STjkxNpK-kc2gQk8dgJwW8NPFpHQG2tNvgc9WhGmI1j6DxZd5UOUTHtmNIUyLYOa20uTXdTqsnp3HPPxN2k1of0zDAqYajTokupP-zaJ-iZLJWQ78mJ_odlnCupS4t_fW3g,https://www.instagram.com/_u/skyjetebike,25,GÜVENLİ,False,0.0,0,robusto,,,False,www.instagram.com,
gen_ef76e5ad90d9,,https://l.facebook.com/l.php?u=https%3A%2F%2Fwww.instagram.com%2F_u%2Fskyjetebike&h=AT6ofPfUmxfxSkNH4mq2kE09STjkxNpK-kc2gQk8dgJwW8NPFpHQG2tNvgc9WhGmI1j6DxZd5UOUTHtmNIUyLYOa20uTXdTqsnp3HPPxN2k1of0zDAqYajTokupP-zaJ-iZLJWQ78mJ_odlnCupS4t_fW3g,https://www.instagram.com/_u/skyjetebike,25,GÜVENLİ,False,0.0,0,robusto.,,,False,www.instagram.com,
gen_cbcfac31a551,,https://l.facebook.com/l.php?u=https%3A%2F%2Fwww.instagram.com%2F_u%2Fskyjetebike&h=AT6ofPfUmxfxSkNH4mq2kE09STjkxNpK-kc2gQk8dgJwW8NPFpHQG2tNvgc9WhGmI1j6DxZd5UOUTHtmNIUyLYOa20uTXdTqsnp3HPPxN2k1of0zDAqYajTokupP-zaJ-iZLJWQ78mJ_odlnCupS4t_fW3g,https://www.instagram.com/_u/skyjetebike,25,GÜVENLİ,False,0.0,0,robusto i,,,False,www.instagram.com,
gen_cd7253791b6a,,https://l.facebook.com/l.php?u=https%3A%2F%2Fwww.instagram.com%2F_u%2Fskyjetebike&h=AT6ofPfUmxfxSkNH4mq2kE09STjkxNpK-kc2gQk8dgJwW8NPFpHQG2tNvgc9WhGmI1j6DxZd5UOUTHtmNIUyLYOa20uTXdTqsnp3HPPxN2k1of0zDAqYajTokupP-zaJ-iZLJWQ78mJ_odlnCupS4t_fW3g,https://www.instagram.com/_u/skyjetebike,25,GÜVENLİ,False,0.0,0,° fe o > a ° 4,,,False,www.instagram.com,
gen_e0046591aac3,,https://l.facebook.com/l.php?u=https%3A%2F%2Fwww.instagram.com%2F_u%2Fskyjetebike&h=AT6ofPfUmxfxSkNH4mq2kE09STjkxNpK-kc2gQk8dgJwW8NPFpHQG2tNvgc9WhGmI1j6DxZd5UOUTHtmNIUyLYOa20uTXdTqsnp3HPPxN2k1of0zDAqYajTokupP-zaJ-iZLJWQ78mJ_odlnCupS4t_fW3g,https://www.instagram.com/_u/skyjetebike,25,GÜVENLİ,False,0.0,0,"; : taksit segenekleri %o0 %o0 %o0 %6 %6 %6 %o %o0 %o %o %o0 %10 , maximum %o %6 %o %10",,,False,www.instagram.com,
gen_1b16dbad0078,Mari Grup İnşaat,https://www.facebook.com/61572473047379/,http://fb.me/,35,GÜVENLİ,False,0.0,0,marivadi bankalarin ilk eviim kampanyasi'na uygun 424449344 mari qkagithane yapi,,,False,fb.me,
gen_af714bc7a255,Lokman Fatih Fazlıoğlu Arçelik,https://www.facebook.com/61555978946785/,http://instagram.com/lokmanfazliogluarcelik,35,GÜVENLİ,False,0.0,0,lokman fatih fazlioglu magazamiza ozel kampanya! 8444 0k 7 gamept makines! homer) lokman fatih fazli,,,False,instagram.com,
gen_563f70cc6f5e,Oruçoğlu Termal,https://www.facebook.com/Orucogluthermal/,,10,GÜVENLİ,False,0.0,0,(2 \ orucoglu orugoglu’nda sicacik kis tatili firsati! bitzi arayin fersation yokotoyin 0 (272) 2515,,,False,,
gen_31ba6decfcb0,reaksiyongym,https://l.facebook.com/l.php?u=https%3A%2F%2Fwww.instagram.com%2F_u%2Freaksiyongym&h=AT6ofPfUmxfxSkNH4mq2kE09STjkxNpK-kc2gQk8dgJwW8NPFpHQG2tNvgc9WhGmI1j6DxZd5UOUTHtmNIUyLYOa20uTXdTqsnp3HPPxN2k1of0zDAqYajTokupP-zaJ-iZLJWQ78mJ_odlnCupS4t_fW3g,https://www.instagram.com/_u/reaksiyongym,50,ŞÜPHELİ,False,0.0,0,‘net |i oa ne : reaksiyon gym |. » | ramazan ayli. |} ‘da i .. kampanyasi - ef ip td. | eae sha akba,,vakıfbank|vakifbank,False,www.instagram.com,
gen_5838ffd92f12,Aysun Cantürk Bride Stüdio,https://www.facebook.com/100092041297689/,http://instagram.com/aysuncntrk,25,GÜVENLİ,False,0.0,0,aysun canturk kuafoér studio bayrama 6zel tiim kuafér islemlerinde %50 /0 indirim randevu iletisim 0,,,False,instagram.com,
gen_da2afa2f819d,KuyNet,https://www.facebook.com/kuynettr/,http://www.kuynet.com/,25,GÜVENLİ,False,0.0,0,2 } 2 | b £ = & g 3,,,False,www.kuynet.com,
gen_65a4cb8f11bd,Oruçoğlu Termal,https://www.facebook.com/Orucogluthermal/,,10,GÜVENLİ,False,0.0,0,"lu *.%, thermal resort e 36h. yil boyu tatil firsatlar tek bir arama kadar yakin' 3 aya varan taksit",,,False,,
gen_43ef91c4fae1,Çağdaş Kocaeli Gazetesi,https://www.facebook.com/cagdaskocaelicomtr/,https://www.cagdaskocaeli.com.tr/foto/27573703/mart-2026-emekli-promosyon-ucretleri-ziraat-halkbank-vakifbank-yapi-kredi-banka-banka-2026-guncel-promosyon-ucretleri,25,GÜVENLİ,False,0.0,0,,,,False,www.cagdaskocaeli.com.tr,
gen_f4c2edff4441,Arçelik /Bayraktar Ticaret,https://www.facebook.com/arcelikbayraktar/,,70,DOLANDIRICI,True,0.154,1,bayraktar ticaret arcelik'te camasir ve kurutma makinesi ikili alimina 6zel 16.400 tl indirim firsat,dm,,False,,
gen_9da89ddd6e71,antforageziturlari,https://l.facebook.com/l.php?u=https%3A%2F%2Fwww.instagram.com%2F_u%2Fantforageziturlari&h=AT6ofPfUmxfxSkNH4mq2kE09STjkxNpK-kc2gQk8dgJwW8NPFpHQG2tNvgc9WhGmI1j6DxZd5UOUTHtmNIUyLYOa20uTXdTqsnp3HPPxN2k1of0zDAqYajTokupP-zaJ-iZLJWQ78mJ_odlnCupS4t_fW3g,https://www.instagram.com/_u/antforageziturlari,25,GÜVENLİ,False,0.0,0,8 mart - 29 mart en uygun flyat kigi bagi sadece garantisi,,,False,www.instagram.com,
gen_775a1006cf54,Arçelik Kacar Ticaret,https://www.facebook.com/kacarticaret/,https://www.instagram.com/arcelik.kacarticaret/?fbclid=IwAR06-nHPDCuETgxMO18xUUYPhh2zi_qlpXF5NZkJMLA0QthWsbjxNgLwOeg,40,ŞÜPHELİ,False,0.0,0,kacar ticaret arcelik'te kurutma makinelerinde mart ayina ozel buyuk iindirimler sizleri bekliyor. o,,vakıfbank|vakifbank,False,www.instagram.com,
gen_45efc4b58374,,https://l.facebook.com/l.php?u=https%3A%2F%2Fwww.mngturizm.com%2Felit-hollanda-amsterdam-turu-thy-3-gece-23-nisan-donemi-avm586&h=AT6ofPfUmxfxSkNH4mq2kE09STjkxNpK-kc2gQk8dgJwW8NPFpHQG2tNvgc9WhGmI1j6DxZd5UOUTHtmNIUyLYOa20uTXdTqsnp3HPPxN2k1of0zDAqYajTokupP-zaJ-iZLJWQ78mJ_odlnCupS4t_fW3g,https://www.mngturizm.com/elit-hollanda-amsterdam-turu-thy-3-gece-23-nisan-donemi-avm586,85,DOLANDIRICI,True,0.3314,1,"3g eg e >) turkish 4gun <7 airlines aa geziler dahil, ekstra tur odemesi yok! y f © vakifbank ite 8.",,vakıfbank|vakifbank,False,www.mngturizm.com,
gen_a79bd3540d64,,https://l.facebook.com/l.php?u=https%3A%2F%2Fwww.mngturizm.com%2Felit-hollanda-amsterdam-turu-thy-3-gece-23-nisan-donemi-avm586&h=AT6ofPfUmxfxSkNH4mq2kE09STjkxNpK-kc2gQk8dgJwW8NPFpHQG2tNvgc9WhGmI1j6DxZd5UOUTHtmNIUyLYOa20uTXdTqsnp3HPPxN2k1of0zDAqYajTokupP-zaJ-iZLJWQ78mJ_odlnCupS4t_fW3g,https://www.mngturizm.com/elit-hollanda-amsterdam-turu-thy-3-gece-23-nisan-donemi-avm586,70,DOLANDIRICI,True,0.6911,1,elit isvicre * 3 cece anna 4 gun tum ekstra tur — : odemesi yok! ff 23 nisan 2026 j © vakitbank ie |,,,False,www.mngturizm.com,
gen_4db3cf44b04a,,https://l.facebook.com/l.php?u=https%3A%2F%2Fwww.mngturizm.com%2Felit-hollanda-amsterdam-turu-thy-3-gece-23-nisan-donemi-avm586&h=AT6ofPfUmxfxSkNH4mq2kE09STjkxNpK-kc2gQk8dgJwW8NPFpHQG2tNvgc9WhGmI1j6DxZd5UOUTHtmNIUyLYOa20uTXdTqsnp3HPPxN2k1of0zDAqYajTokupP-zaJ-iZLJWQ78mJ_odlnCupS4t_fW3g,https://www.mngturizm.com/elit-hollanda-amsterdam-turu-thy-3-gece-23-nisan-donemi-avm586,85,DOLANDIRICI,True,0.6772,2,". 23 nisan donemi elit alsace ve romantik yol almanya muhtesem rhein nehir aaa ecun tne 5gun pi b, g",,vakıfbank|vakifbank,False,www.mngturizm.com,
gen_b5c9b17c4b66,,https://l.facebook.com/l.php?u=https%3A%2F%2Fwww.mngturizm.com%2Felit-hollanda-amsterdam-turu-thy-3-gece-23-nisan-donemi-avm586&h=AT6ofPfUmxfxSkNH4mq2kE09STjkxNpK-kc2gQk8dgJwW8NPFpHQG2tNvgc9WhGmI1j6DxZd5UOUTHtmNIUyLYOa20uTXdTqsnp3HPPxN2k1of0zDAqYajTokupP-zaJ-iZLJWQ78mJ_odlnCupS4t_fW3g,https://www.mngturizm.com/elit-hollanda-amsterdam-turu-thy-3-gece-23-nisan-donemi-avm586,85,DOLANDIRICI,True,0.6561,1,"f elit alsace ve colmar =) gece turkish | 4 gun airlines tum i geziler dahil, ekstra tur odemesi yok",,vakıfbank|vakifbank,False,www.mngturizm.com,
gen_67026c400042,,https://l.facebook.com/l.php?u=https%3A%2F%2Fwww.mngturizm.com%2Felit-hollanda-amsterdam-turu-thy-3-gece-23-nisan-donemi-avm586&h=AT6ofPfUmxfxSkNH4mq2kE09STjkxNpK-kc2gQk8dgJwW8NPFpHQG2tNvgc9WhGmI1j6DxZd5UOUTHtmNIUyLYOa20uTXdTqsnp3HPPxN2k1of0zDAqYajTokupP-zaJ-iZLJWQ78mJ_odlnCupS4t_fW3g,https://www.mngturizm.com/elit-hollanda-amsterdam-turu-thy-3-gece-23-nisan-donemi-avm586,60,ŞÜPHELİ,True,0.6821,1,"7 23 nisan donemi elit slovenya avusturya almanya tum geziler dahil, ekstra tur odemesi yok!",,,False,www.mngturizm.com,
gen_401483257108,MNG Turizm,https://www.facebook.com/MNGTurizmTatil/,https://www.mngturizm.com/fas-kraliyet-sehirleri-turu-air-arabia-ile-5-gece-aff150,35,GÜVENLİ,False,0.0,0,airarabia ulbugasgell fas kraliyet sehirleri vakilbank 8.500tl>~ worldpuan firsatu,,,False,www.mngturizm.com,
gen_1eb22f12b594,Öztüzün,https://www.facebook.com/61556626503773/,,45,ŞÜPHELİ,True,0.2408,1,lityum akulu forkliftlerde [kampanya zamani! ile ihtiyaciniza uygun segonekler srtizinde. _— amar 2 ,,,False,,
gen_dc685dc07c14,Aysun Cantürk Bride Stüdio,https://www.facebook.com/100092041297689/,http://instagram.com/aysuncntrk,25,GÜVENLİ,False,0.0,0,aysun canturk kuafoér studio bayrama 6zel tiim kuafér islemlerinde %50 /0 indirim randevu iletisim 0,,,False,instagram.com,
gen_5dfaaf9416f9,Mutfak Sanatları Akademisi,https://www.facebook.com/mutfaksanatlariakademisi/,https://msa.com.tr/egitim/profesyonel-ascilik,50,ŞÜPHELİ,False,0.0,0,msa profe: boas) “3 «yenilenmis (rengiyiey 8 haziran’da'b ustelik vakifbank ebitin kredlsivle 0) bay,,vakıfbank|vakifbank,False,msa.com.tr,
gen_3f2838276896,KuyNet,https://www.facebook.com/kuynettr/,http://www.kuynet.com/,25,GÜVENLİ,False,0.0,0,2 } 2 | b £ = & g 3,,,False,www.kuynet.com,
gen_d075161cb479,Clicks'us Dijital,https://www.facebook.com/clicksus/,http://instagram.com/clicksus,25,GÜVENLİ,False,0.0,0,yilin seo ajansi,,,False,instagram.com,
gen_5f3cd1e1defd,Arçelik Kacar Ticaret,https://www.facebook.com/kacarticaret/,,15,GÜVENLİ,False,0.0,0,kacar ticaret arcelik'te mart ayina ozel buyuk indirimler sizleri bekliyor! pesin nakite fiyatina oz,,vakıfbank|vakifbank,False,,
gen_4b486bfb25f4,Yenilio,https://www.facebook.com/yeniliotr/,https://www.yenilio.com/vakifbank-kampanyasi,85,DOLANDIRICI,True,0.4125,1,ap yenilio vakifbank bireysel kredi kartiari ile yenilio.com ve yenilio magazalarindan tek seferde y,,vakıfbank|vakifbank,False,www.yenilio.com,
gen_bc2877ad8482,,https://l.facebook.com/l.php?u=https%3A%2F%2Fwww.instagram.com%2F_u%2Fmercanhastanesi&h=AT6ofPfUmxfxSkNH4mq2kE09STjkxNpK-kc2gQk8dgJwW8NPFpHQG2tNvgc9WhGmI1j6DxZd5UOUTHtmNIUyLYOa20uTXdTqsnp3HPPxN2k1of0zDAqYajTokupP-zaJ-iZLJWQ78mJ_odlnCupS4t_fW3g,https://www.instagram.com/_u/mercanhastanesi,70,DOLANDIRICI,True,0.1699,1,anlasmali oldugumuz tamamlayvici saglik sigortalari baw axa sigorta @turkive sigorta quuick> my anas,,,False,www.instagram.com,
gen_5c3bfe1da3cb,,https://l.facebook.com/l.php?u=https%3A%2F%2Fwww.instagram.com%2F_u%2Fmercanhastanesi&h=AT6ofPfUmxfxSkNH4mq2kE09STjkxNpK-kc2gQk8dgJwW8NPFpHQG2tNvgc9WhGmI1j6DxZd5UOUTHtmNIUyLYOa20uTXdTqsnp3HPPxN2k1of0zDAqYajTokupP-zaJ-iZLJWQ78mJ_odlnCupS4t_fW3g,https://www.instagram.com/_u/mercanhastanesi,75,DOLANDIRICI,True,0.4609,2,bad axasigorta quick ae sekt sekerbank > anlasmali oldugumuz ozel saglik sigortalari @rumcre scoma m,,vakıfbank|vakifbank,False,www.instagram.com,
gen_ea769a7a8c89,Oruçoğlu Termal,https://www.facebook.com/Orucogluthermal/,,10,GÜVENLİ,False,0.0,0,(2 \ orucoglu orugoglu’nda sicacik kis tatili firsati! bitzi arayin fersation yokotoyin 0 (272) 2515,,,False,,
gen_c14b6ad83ac4,Poyraz Motor Aydın,https://www.facebook.com/axyrider/,http://instagram.com/poyrazmotoraydin,60,ŞÜPHELİ,False,0.0,0,"newcity 50 ms guarantee b sinifi ehliyet ile surulebilir. ganta ruhsataislidir 'vakifbank ve ""kredi ",,vakıfbank|vakifbank,False,instagram.com,
gen_76c9730f1ca1,Mithat Bayram,https://www.facebook.com/100071916135797/,http://instagram.com/eym_iletisim,50,ŞÜPHELİ,False,0.0,0,— ovezel cihazlara taksit ¢ bireysel kartlara vade farksiz ¢ vakifbank-4/5 taksit ¢ kuveytturk-35 ta,,vakıfbank|vakifbank,False,instagram.com,
gen_ca288a5881ff,ozlemgulerguzellikerzincan,https://l.facebook.com/l.php?u=https%3A%2F%2Fwww.instagram.com%2F_u%2Fozlemgulerguzellikerzincan&h=AT6ofPfUmxfxSkNH4mq2kE09STjkxNpK-kc2gQk8dgJwW8NPFpHQG2tNvgc9WhGmI1j6DxZd5UOUTHtmNIUyLYOa20uTXdTqsnp3HPPxN2k1of0zDAqYajTokupP-zaJ-iZLJWQ78mJ_odlnCupS4t_fW3g,https://www.instagram.com/_u/ozlemgulerguzellikerzincan,35,GÜVENLİ,False,0.0,0,"8 mart’a ozel altin oran kas alimi sor 249 tl, medikal cilt bakimi “45007-13007 es (granta venilese)",,,False,www.instagram.com,
gen_f43bea318197,Mutfak Sanatları Akademisi,https://www.facebook.com/mutfaksanatlariakademisi/,https://msa.com.tr/egitim/profesyonel-pastacilik,35,GÜVENLİ,False,0.0,0,"ikavakifank egitim kredisiyle 8 aya kadar besiz aotremyye;24,ayawran taksi is",,,False,msa.com.tr,
gen_32a54bdc3749,MuhittinoglumotorKuba,https://www.facebook.com/61573460817586/,,0,GÜVENLİ,False,0.0,0,kuba cg5orx -pro < tavantajli taks® segenekieri isin kubr aver? ygrayina! muhittin restor glu,,,False,,
gen_d7036d35b0f3,MuhittinoglumotorKuba,https://www.facebook.com/61573460817586/,,0,GÜVENLİ,False,0.0,0,ss i oe ss s ts s s kuba,,,False,,
gen_6763b64c3a34,MuhittinoglumotorKuba,https://www.facebook.com/61573460817586/,,0,GÜVENLİ,False,0.0,0,kuba cg50orx -pro,,,False,,
gen_2486a91d56b7,MuhittinoglumotorKuba,https://www.facebook.com/61573460817586/,,35,GÜVENLİ,True,0.1754,1,taksit segenekleri %o %o %o0 %o0 %o %o %o %o %o %o %o %o %o %o %o %o %10,,,False,,
gen_17bb4b9cffde,akgul.iletisim,https://l.facebook.com/l.php?u=https%3A%2F%2Fwww.instagram.com%2F_u%2Fakgul.iletisim&h=AT6ofPfUmxfxSkNH4mq2kE09STjkxNpK-kc2gQk8dgJwW8NPFpHQG2tNvgc9WhGmI1j6DxZd5UOUTHtmNIUyLYOa20uTXdTqsnp3HPPxN2k1of0zDAqYajTokupP-zaJ-iZLJWQ78mJ_odlnCupS4t_fW3g,https://www.instagram.com/_u/akgul.iletisim,25,GÜVENLİ,False,0.0,0,- =a pt pe po j me] akgol iletisim,,,False,www.instagram.com,
gen_5b22ed3edbc0,Mod Eğitim Kurumları,https://www.facebook.com/linquiz/,http://instagram.com/modernkursss,70,DOLANDIRICI,True,0.3286,2,"erken kayit basladi! grammar, strategy, reading, vocabulary, turkce, matematik, tarih, cografya, fiz",,,False,instagram.com,
gen_273f0adb5026,MuhittinoglumotorKuba,https://www.facebook.com/61573460817586/,,0,GÜVENLİ,False,0.0,0,kuba cita5or-x gold muhittindglu ke ekrcsi kati/arina 12 ay. so] bain soc coogi) motor,,,False,,
gen_7d8f40d0feee,MuhittinoglumotorKuba,https://www.facebook.com/61573460817586/,,0,GÜVENLİ,False,0.0,0,kuba gita50r-x gold,,,False,,
gen_09f881eafbfe,MuhittinoglumotorKuba,https://www.facebook.com/61573460817586/,,35,GÜVENLİ,True,0.1754,1,taksit segenekleri %o %o %o0 %o0 %o %o %o %o %o %o %o %o %o %o %o %o %10,,,False,,
gen_4c7365e7d5b3,modernkurss,https://l.facebook.com/l.php?u=https%3A%2F%2Fwww.instagram.com%2F_u%2Fmodernkurss&h=AT6ofPfUmxfxSkNH4mq2kE09STjkxNpK-kc2gQk8dgJwW8NPFpHQG2tNvgc9WhGmI1j6DxZd5UOUTHtmNIUyLYOa20uTXdTqsnp3HPPxN2k1of0zDAqYajTokupP-zaJ-iZLJWQ78mJ_odlnCupS4t_fW3g,https://www.instagram.com/_u/modernkurss,75,DOLANDIRICI,True,0.2908,2,"basariya kayit baslad!i! i sonus ireten bir sistemle ci. hazirlanin! ' gigli, deneyimli 1 sgretmen k",,vakıfbank|vakifbank,False,www.instagram.com,
gen_78d06ece585a,ozlemgulerguzellikerzincan,https://l.facebook.com/l.php?u=https%3A%2F%2Fwww.instagram.com%2F_u%2Fozlemgulerguzellikerzincan&h=AT6ofPfUmxfxSkNH4mq2kE09STjkxNpK-kc2gQk8dgJwW8NPFpHQG2tNvgc9WhGmI1j6DxZd5UOUTHtmNIUyLYOa20uTXdTqsnp3HPPxN2k1of0zDAqYajTokupP-zaJ-iZLJWQ78mJ_odlnCupS4t_fW3g,https://www.instagram.com/_u/ozlemgulerguzellikerzincan,75,DOLANDIRICI,True,0.226,1,ngs ozlem giiler estetik & gizellik mikroblading ©. qooq+4 dipliner 4.9994 renktndinme 4. fool renen,,vakıfbank|vakifbank,False,www.instagram.com,
gen_139c392dfc5e,emreasc42,https://www.facebook.com/100086995856902/,http://instagram.com/almina_elektronik2,50,ŞÜPHELİ,False,0.0,0,iphone 17 pro 256 gb bireysel kredi kartlarina vade farksiz kuveyt tork ‘ss taksit vakifbank 4/5 tak,,vakıfbank|vakifbank,False,instagram.com,
gen_27e52bc8b827,modernkurss,https://l.facebook.com/l.php?u=https%3A%2F%2Fwww.instagram.com%2F_u%2Fmodernkurss&h=AT6ofPfUmxfxSkNH4mq2kE09STjkxNpK-kc2gQk8dgJwW8NPFpHQG2tNvgc9WhGmI1j6DxZd5UOUTHtmNIUyLYOa20uTXdTqsnp3HPPxN2k1of0zDAqYajTokupP-zaJ-iZLJWQ78mJ_odlnCupS4t_fW3g,https://www.instagram.com/_u/modernkurss,60,ŞÜPHELİ,True,0.1874,2,"yks-dil / tyt / ayt basariya kayit basladi! sonus ureten bir sistemle q =) = hazirlanin! gili, deney",,,False,www.instagram.com,
gen_7794cdf6ff22,oxygenfitnessstudio,https://www.facebook.com/100068904557254/,http://instagram.com/oxygenfitnessstudio,50,ŞÜPHELİ,False,0.0,0,or salonu uyelik ~ fiyatlari |.) tiim paketlerde vakifbank kredi kartlarina _) se 2 taksit imkani bu,,vakıfbank|vakifbank,False,instagram.com,
gen_d2b54f18e29b,emreasc42,https://www.facebook.com/100086995856902/,http://instagram.com/almina_elektronik2,50,ŞÜPHELİ,False,0.0,0,iphone 17 pro max 256 gb bireysel kredi kartlarina vade farksiz kuveyt tork staksit vakifbank 4/5 ta,,vakıfbank|vakifbank,False,instagram.com,
gen_e27f9abf9afb,Arçelik Kacar Ticaret,https://www.facebook.com/kacarticaret/,,50,ŞÜPHELİ,True,0.261,2,kacar ticaret arcelik'te kurutma makinelerinde mart ayina ozel buyok indirimler sizleri bekliyor. na,,vakıfbank|vakifbank,False,,
gen_26f3d5f9f961,emreasc42,https://www.facebook.com/100086995856902/,http://instagram.com/almina_elektronik2,35,GÜVENLİ,False,0.0,0,iphone 17 bireysel kredi kartlarina vade farksiz 83.000 tl diger banka kartlarina staksit 87.000 6 t,,,False,instagram.com,
gen_602b4309ff84,KuyNet,https://www.facebook.com/kuynettr/,http://www.kuynet.com/,25,GÜVENLİ,False,0.0,0,2 } 2 | b £ = & g 3,,,False,www.kuynet.com,
gen_c8228674cf44,Simpra Türkiye,https://www.facebook.com/simpra.tr/,http://fb.me/,25,GÜVENLİ,False,0.0,0,a) simpra,,,False,fb.me,
gen_1d04171289f1,Tire Şen Tarım,https://www.facebook.com/100087850638748/,,35,GÜVENLİ,True,0.2354,1,,,,False,,
gen_9e99cdde1215,Tire Şen Tarım,https://www.facebook.com/100087850638748/,,0,GÜVENLİ,False,0.0,0,eo |) ranger mr | i xan) of bpolen | ascoe fps postal,,,False,,
gen_ec06a7f1d55d,Tire Şen Tarım,https://www.facebook.com/100087850638748/,,0,GÜVENLİ,False,0.0,0,ae bvt saalaiys,,,False,,
gen_ce2d02106ba9,Tire Şen Tarım,https://www.facebook.com/100087850638748/,,0,GÜVENLİ,False,0.0,0,ee eee = vanessa~ lr creenlife a sipe pe,,,False,,
gen_6ce6eb4a2316,Tire Şen Tarım,https://www.facebook.com/100087850638748/,,0,GÜVENLİ,False,0.0,0,ng t) < (2 [o} =) le} io),,,False,,
gen_397e77e11805,Tire Şen Tarım,https://www.facebook.com/100087850638748/,,0,GÜVENLİ,False,0.0,0,j isen tarim x,,,False,,
gen_2e5ab87c967c,Tire Şen Tarım,https://www.facebook.com/100087850638748/,,35,GÜVENLİ,True,0.1742,1,"greenlife > 2seed =corn iii destek, dekara 186 7. olup 1 paket tohumun 5.5 deka alana ekim yapilmasi",,,False,,
gen_605d84748436,Tire Şen Tarım,https://www.facebook.com/100087850638748/,,10,GÜVENLİ,False,0.0,0,"torro torbada champ oft ranger pla7ati amie loshak, eters 198 tl oli j poke toleesen 6 gener hens im",,,False,,
gen_07a1d85e2bf2,Tire Şen Tarım,https://www.facebook.com/100087850638748/,,25,GÜVENLİ,False,0.0,0,y _ | misir “- (| tohumu alisverislerinde pesin fiyatina erteleme ~ » ve taksit imkanlari baslamisti,erteleme,,False,,
gen_200911a8ab0a,Tire Şen Tarım,https://www.facebook.com/100087850638748/,,0,GÜVENLİ,False,0.0,0,imece kart 4 | é a f stroy} *. ll td,,,False,,
gen_5bb0240f327b,Tire Şen Tarım,https://www.facebook.com/100087850638748/,,35,GÜVENLİ,True,0.8934,3,/ ‘4 ra @ : yy) 9) 0909 6 x os sing 7,,,False,,
gen_d49b807386f0,Tire Şen Tarım,https://www.facebook.com/100087850638748/,,0,GÜVENLİ,False,0.0,0,‘ piten in bankasi : ines business va ivfhs 7 ) >,,,False,,
gen_8b9c8d921b53,Tire Şen Tarım,https://www.facebook.com/100087850638748/,,45,ŞÜPHELİ,False,0.0,0,syngenta. tohum 9 aya varan taksit ctv rd ng wr anil wait \ l h rp s kredi karti kampanyamiz devam e,erteleme,,False,,
gen_e795d795864e,Tire Şen Tarım,https://www.facebook.com/100087850638748/,,10,GÜVENLİ,False,0.0,0,"m176s01 “holi destok, dekara 186 tl olup, 1 paket tohumun 5.5 dekar alana ekim yapdnasina gore tople",,,False,,
gen_f8852cfcf0f1,Tire Şen Tarım,https://www.facebook.com/100087850638748/,,25,GÜVENLİ,False,0.0,0,hibrit misir hybridmais hybrid maize <6 6 4) initio,dm,,False,,
gen_ddb6a576e394,GurmeHub,https://www.facebook.com/gurmehub/,https://posentegrator.com/,85,DOLANDIRICI,True,0.6094,2,~ her 6deme kurulusu * elinizin altinda. 60'tan fazla banka ve 6deme kurulusunu tek panelden yénetin,,vakıfbank|vakifbank,False,posentegrator.com,
gen_7d4996a48ed3,Muhittinoğlumotor,https://www.facebook.com/61557420785359/,,0,GÜVENLİ,False,0.0,0,srk250rs nakitve 3 taste c7 ‘sling hoc maks. ge fren ‘ogra 29cc 25k7hp abs sivisogjutma,,,False,,
gen_a765731fd06a,Muhittinoğlumotor,https://www.facebook.com/61557420785359/,,0,GÜVENLİ,False,0.0,0,"wee srk250rs akitve 3 takstie oz 159,900. 181.798.",,,False,,
gen_777016b8e76b,Muhittinoğlumotor,https://www.facebook.com/61557420785359/,,0,GÜVENLİ,False,0.0,0,ss srk250rs akitve 3 taksite on 159.900. mer rescn saver oe i ne,,,False,,
gen_064d4d414af4,Muhittinoğlumotor,https://www.facebook.com/61557420785359/,,0,GÜVENLİ,False,0.0,0,srk250rs,,,False,,
gen_81d8352dfb02,Muhittinoğlumotor,https://www.facebook.com/61557420785359/,,0,GÜVENLİ,False,0.0,0,we ‘srk250rs,,,False,,
gen_b3886fc5636f,Muhittinoğlumotor,https://www.facebook.com/61557420785359/,,0,GÜVENLİ,False,0.0,0,> a< srk250rs,,,False,,
gen_b8897c1db98f,Muhittinoğlumotor,https://www.facebook.com/61557420785359/,,20,GÜVENLİ,False,0.0,0,taksit segenekleri exes a %0 %o 560) e %6 %6 6 %6 %0 %0 %0 %o,,,False,,
gen_2a075a2bec51,rizeturgeziler,https://www.facebook.com/vaveylaturizm/,https://www.instagram.com/_u/rizeturgeziler,25,GÜVENLİ,False,0.0,0,trabzon marelood tart i tur detaylari ve rezervasyon igin av’ 9 055246650 53 netumcdon || vay eyer b,,,False,www.instagram.com,
gen_c75f62f8f8f9,Muhittinoğlumotor,https://www.facebook.com/61557420785359/,,35,GÜVENLİ,False,0.0,0,munirrinosiu motor silindir hacmi maks.ga¢ fren 125 cc 10.46 hp cbs vakifbank ve 12 ay %0 fs,,vakıfbank|vakifbank,False,,
gen_5ddd7fea5feb,Muhittinoğlumotor,https://www.facebook.com/61557420785359/,,15,GÜVENLİ,False,0.0,0,"cs 125n ae ex gem st 88.797. —_! 100.860. ‘silindir hacmi a 1c 0.46 10.46hp _ vakifbank ve. ""ay %",,vakıfbank|vakifbank,False,,
gen_085e28778569,Muhittinoğlumotor,https://www.facebook.com/61557420785359/,,0,GÜVENLİ,False,0.0,0,2 <7 125n,,,False,,
gen_64acbdb8b5c0,Muhittinoğlumotor,https://www.facebook.com/61557420785359/,,35,GÜVENLİ,False,0.0,0,wee: 125n vakifbank ve © 90/0 kredi kartlanna 12 ay %0 faiz secenegi,,vakıfbank|vakifbank,False,,
gen_6662390176c1,Muhittinoğlumotor,https://www.facebook.com/61557420785359/,,35,GÜVENLİ,False,0.0,0,‘ av) | vakifbank ve kredi kartlarina 12 ay %0 faiz segenegi ile! 7 ff,,vakıfbank|vakifbank,False,,
gen_cf021bf5fe51,Muhittinoğlumotor,https://www.facebook.com/61557420785359/,,0,GÜVENLİ,False,0.0,0,,,,False,,
gen_7f38440ecc17,Muhittinoğlumotor,https://www.facebook.com/61557420785359/,,20,GÜVENLİ,False,0.0,0,taksit segenekleri %0 %o0 fo %6 %6 %o0 %o %o %o0 % maximum,,,False,,
gen_3046ae145fbc,Burrata Motorlu Araçlar,https://www.facebook.com/burratamotor/,,0,GÜVENLİ,False,0.0,0,"zontes ‘slindirhacri) males. lg fen sojutma, 367,6cc__38,2hp ‘abs sivsogutma",,,False,,
gen_67f680de2391,Burrata Motorlu Araçlar,https://www.facebook.com/burratamotor/,,0,GÜVENLİ,False,0.0,0,"zontes i if burrata motor’da ~ sogutma 367,6 cc 38,2hp abs stvi sogutma",,,False,,
gen_2731229ffb86,Burrata Motorlu Araçlar,https://www.facebook.com/burratamotor/,,0,GÜVENLİ,False,0.0,0,"367,6 cc sivi sogutma",,,False,,
gen_64ce97931f62,Burrata Motorlu Araçlar,https://www.facebook.com/burratamotor/,,35,GÜVENLİ,True,0.4256,1,led far,,,False,,
gen_d852e4fb2729,Burrata Motorlu Araçlar,https://www.facebook.com/burratamotor/,,0,GÜVENLİ,False,0.0,0,ww a we uv = “4 fe) i = fe) i.,,,False,,
gen_ad0495cc4cd9,Burrata Motorlu Araçlar,https://www.facebook.com/burratamotor/,,0,GÜVENLİ,False,0.0,0,zontes 368-6,,,False,,
gen_9abde15cf614,Burrata Motorlu Araçlar,https://www.facebook.com/burratamotor/,,0,GÜVENLİ,False,0.0,0,arka kamera,,,False,,
gen_d040390dfaee,Burrata Motorlu Araçlar,https://www.facebook.com/burratamotor/,,0,GÜVENLİ,False,0.0,0,,,,False,,
gen_ac2d0fa08f2d,Burrata Motorlu Araçlar,https://www.facebook.com/burratamotor/,,20,GÜVENLİ,False,0.0,0,taksit segenekleri %6 6 %6 %o %0 %o 560. 9610. 9610 ee aa %0. %0 %6 966. %0 %0,,,False,,
gen_1f1da6d8e944,emreasc42,https://www.facebook.com/100086995856902/,http://instagram.com/almina_elektronik2,75,DOLANDIRICI,False,0.0,0,xiiaomi redmi note 15 pro 512 gb bireysel kredi kartlarina vade farksiz kuveyt turk 5 taksit vakifba,dm,vakıfbank|vakifbank,False,instagram.com,
gen_03d599c5b448,,https://l.facebook.com/l.php?u=https%3A%2F%2Fwww.instagram.com%2Fmuhittinoglumotorkuba&h=AT6ofPfUmxfxSkNH4mq2kE09STjkxNpK-kc2gQk8dgJwW8NPFpHQG2tNvgc9WhGmI1j6DxZd5UOUTHtmNIUyLYOa20uTXdTqsnp3HPPxN2k1of0zDAqYajTokupP-zaJ-iZLJWQ78mJ_odlnCupS4t_fW3g,https://www.instagram.com/muhittinoglumotorkuba,25,GÜVENLİ,False,0.0,0,hussar 135,,,False,www.instagram.com,
gen_c3f19cd988d1,,https://l.facebook.com/l.php?u=https%3A%2F%2Fwww.instagram.com%2Fmuhittinoglumotorkuba&h=AT6ofPfUmxfxSkNH4mq2kE09STjkxNpK-kc2gQk8dgJwW8NPFpHQG2tNvgc9WhGmI1j6DxZd5UOUTHtmNIUyLYOa20uTXdTqsnp3HPPxN2k1of0zDAqYajTokupP-zaJ-iZLJWQ78mJ_odlnCupS4t_fW3g,https://www.instagram.com/muhittinoglumotorkuba,25,GÜVENLİ,False,0.0,0,hussar 135,,,False,www.instagram.com,
gen_0f9e7bbca6d4,,https://l.facebook.com/l.php?u=https%3A%2F%2Fwww.instagram.com%2Fmuhittinoglumotorkuba&h=AT6ofPfUmxfxSkNH4mq2kE09STjkxNpK-kc2gQk8dgJwW8NPFpHQG2tNvgc9WhGmI1j6DxZd5UOUTHtmNIUyLYOa20uTXdTqsnp3HPPxN2k1of0zDAqYajTokupP-zaJ-iZLJWQ78mJ_odlnCupS4t_fW3g,https://www.instagram.com/muhittinoglumotorkuba,25,GÜVENLİ,False,0.0,0,> ie em . hb a i,,,False,www.instagram.com,
gen_a969a6275cc1,,https://l.facebook.com/l.php?u=https%3A%2F%2Fwww.instagram.com%2Fmuhittinoglumotorkuba&h=AT6ofPfUmxfxSkNH4mq2kE09STjkxNpK-kc2gQk8dgJwW8NPFpHQG2tNvgc9WhGmI1j6DxZd5UOUTHtmNIUyLYOa20uTXdTqsnp3HPPxN2k1of0zDAqYajTokupP-zaJ-iZLJWQ78mJ_odlnCupS4t_fW3g,https://www.instagram.com/muhittinoglumotorkuba,25,GÜVENLİ,False,0.0,0,hussar 135 kuba,,,False,www.instagram.com,
gen_1bfbb83bdc16,,https://l.facebook.com/l.php?u=https%3A%2F%2Fwww.instagram.com%2Fmuhittinoglumotorkuba&h=AT6ofPfUmxfxSkNH4mq2kE09STjkxNpK-kc2gQk8dgJwW8NPFpHQG2tNvgc9WhGmI1j6DxZd5UOUTHtmNIUyLYOa20uTXdTqsnp3HPPxN2k1of0zDAqYajTokupP-zaJ-iZLJWQ78mJ_odlnCupS4t_fW3g,https://www.instagram.com/muhittinoglumotorkuba,25,GÜVENLİ,False,0.0,0,hussar 135,,,False,www.instagram.com,
gen_3598917b52f0,,https://l.facebook.com/l.php?u=https%3A%2F%2Fwww.instagram.com%2Fmuhittinoglumotorkuba&h=AT6ofPfUmxfxSkNH4mq2kE09STjkxNpK-kc2gQk8dgJwW8NPFpHQG2tNvgc9WhGmI1j6DxZd5UOUTHtmNIUyLYOa20uTXdTqsnp3HPPxN2k1of0zDAqYajTokupP-zaJ-iZLJWQ78mJ_odlnCupS4t_fW3g,https://www.instagram.com/muhittinoglumotorkuba,25,GÜVENLİ,False,0.0,0,taksit segenekleri oc %o0 %o0 %6 %6 %o %o %o %o t. fw world ig maxmum,,,False,www.instagram.com,
gen_dcdbe5b33fc1,star21 nakliyat,https://www.facebook.com/61553020580164/,http://instagram.com/star21_nakliyat,75,DOLANDIRICI,True,0.6688,3,"ag_naklina pul hens ae | 4 s vakifbank - valafbank mobil ile hep b bir pumarasinuz, vakifbank, dai g",,vakıfbank|vakifbank,False,instagram.com,
gen_654998dc7be1,Muhittinoğlumotor,https://www.facebook.com/61557420785359/,,0,GÜVENLİ,False,0.0,0,,,,False,,
gen_adb9b04d7af5,Muhittinoğlumotor,https://www.facebook.com/61557420785359/,,0,GÜVENLİ,False,0.0,0,lo ) reale 125x r eo meee enaecemin \ee re i,,,False,,
gen_4366379def41,Muhittinoğlumotor,https://www.facebook.com/61557420785359/,,0,GÜVENLİ,False,0.0,0,c= reale 125 a .,,,False,,
gen_7df205c09843,Muhittinoğlumotor,https://www.facebook.com/61557420785359/,,0,GÜVENLİ,False,0.0,0,c=] reale 125x,,,False,,
gen_b5d6fb4cd769,Muhittinoğlumotor,https://www.facebook.com/61557420785359/,,0,GÜVENLİ,False,0.0,0,"reale 125, tvaxiraann®e weed katara 12ay80 fat seve fl",,,False,,
gen_eac632b0f6f4,Muhittinoğlumotor,https://www.facebook.com/61557420785359/,,0,GÜVENLİ,False,0.0,0,c=] reale 125x,,,False,,
gen_1ea731d15b42,Muhittinoğlumotor,https://www.facebook.com/61557420785359/,,0,GÜVENLİ,False,0.0,0,reale 125 © se reisie severed let ~ 148.830:,,,False,,
gen_509c129f8992,Muhittinoğlumotor,https://www.facebook.com/61557420785359/,,0,GÜVENLİ,False,0.0,0,reale 125x naxitve take o= ed 130.970. 148.830.,,,False,,
gen_7619b3708e40,Muhittinoğlumotor,https://www.facebook.com/61557420785359/,,0,GÜVENLİ,False,0.0,0,reale 125,,,False,,
gen_f9d2758edbc1,Miyasa Dent,https://www.facebook.com/61578574744801/,http://www.miyasadis.com/,25,GÜVENLİ,False,0.0,0,,,,False,www.miyasadis.com,
gen_3fc0f8b05313,,https://l.facebook.com/l.php?u=https%3A%2F%2Fwww.instagram.com%2Fmuhittinoglumotorkuba&h=AT6ofPfUmxfxSkNH4mq2kE09STjkxNpK-kc2gQk8dgJwW8NPFpHQG2tNvgc9WhGmI1j6DxZd5UOUTHtmNIUyLYOa20uTXdTqsnp3HPPxN2k1of0zDAqYajTokupP-zaJ-iZLJWQ78mJ_odlnCupS4t_fW3g,https://www.instagram.com/muhittinoglumotorkuba,25,GÜVENLİ,False,0.0,0,"newlight 50 pro naxitve 3 taksite on 69.864. bs! rah al """,,,False,www.instagram.com,
gen_d521a2710be5,,https://l.facebook.com/l.php?u=https%3A%2F%2Fwww.instagram.com%2Fmuhittinoglumotorkuba&h=AT6ofPfUmxfxSkNH4mq2kE09STjkxNpK-kc2gQk8dgJwW8NPFpHQG2tNvgc9WhGmI1j6DxZd5UOUTHtmNIUyLYOa20uTXdTqsnp3HPPxN2k1of0zDAqYajTokupP-zaJ-iZLJWQ78mJ_odlnCupS4t_fW3g,https://www.instagram.com/muhittinoglumotorkuba,25,GÜVENLİ,False,0.0,0,newlight 50 pro,,,False,www.instagram.com,
gen_2fd57e5e9278,,https://l.facebook.com/l.php?u=https%3A%2F%2Fwww.instagram.com%2Fmuhittinoglumotorkuba&h=AT6ofPfUmxfxSkNH4mq2kE09STjkxNpK-kc2gQk8dgJwW8NPFpHQG2tNvgc9WhGmI1j6DxZd5UOUTHtmNIUyLYOa20uTXdTqsnp3HPPxN2k1of0zDAqYajTokupP-zaJ-iZLJWQ78mJ_odlnCupS4t_fW3g,https://www.instagram.com/muhittinoglumotorkuba,40,ŞÜPHELİ,False,0.0,0,"newlight 50 pro nakitve3 taksite oz-"" 59.864 vakifbank wa 0 [reed kartal! 2 ay 80] fat serer 1)",,vakıfbank|vakifbank,False,www.instagram.com,
gen_127009da4e36,,https://l.facebook.com/l.php?u=https%3A%2F%2Fwww.instagram.com%2Fmuhittinoglumotorkuba&h=AT6ofPfUmxfxSkNH4mq2kE09STjkxNpK-kc2gQk8dgJwW8NPFpHQG2tNvgc9WhGmI1j6DxZd5UOUTHtmNIUyLYOa20uTXdTqsnp3HPPxN2k1of0zDAqYajTokupP-zaJ-iZLJWQ78mJ_odlnCupS4t_fW3g,https://www.instagram.com/muhittinoglumotorkuba,25,GÜVENLİ,False,0.0,0,newlight 50 pro,,,False,www.instagram.com,
gen_0876c3675492,,https://l.facebook.com/l.php?u=https%3A%2F%2Fwww.instagram.com%2Fmuhittinoglumotorkuba&h=AT6ofPfUmxfxSkNH4mq2kE09STjkxNpK-kc2gQk8dgJwW8NPFpHQG2tNvgc9WhGmI1j6DxZd5UOUTHtmNIUyLYOa20uTXdTqsnp3HPPxN2k1of0zDAqYajTokupP-zaJ-iZLJWQ78mJ_odlnCupS4t_fW3g,https://www.instagram.com/muhittinoglumotorkuba,25,GÜVENLİ,False,0.0,0,kuba newlight 50 pro,,,False,www.instagram.com,
gen_b96ecb9e4fd1,,https://l.facebook.com/l.php?u=https%3A%2F%2Fwww.instagram.com%2Fmuhittinoglumotorkuba&h=AT6ofPfUmxfxSkNH4mq2kE09STjkxNpK-kc2gQk8dgJwW8NPFpHQG2tNvgc9WhGmI1j6DxZd5UOUTHtmNIUyLYOa20uTXdTqsnp3HPPxN2k1of0zDAqYajTokupP-zaJ-iZLJWQ78mJ_odlnCupS4t_fW3g,https://www.instagram.com/muhittinoglumotorkuba,25,GÜVENLİ,False,0.0,0,kuba newlight 50 pro a,,,False,www.instagram.com,
gen_8a86f5430d9a,,https://l.facebook.com/l.php?u=https%3A%2F%2Fwww.instagram.com%2Fmuhittinoglumotorkuba&h=AT6ofPfUmxfxSkNH4mq2kE09STjkxNpK-kc2gQk8dgJwW8NPFpHQG2tNvgc9WhGmI1j6DxZd5UOUTHtmNIUyLYOa20uTXdTqsnp3HPPxN2k1of0zDAqYajTokupP-zaJ-iZLJWQ78mJ_odlnCupS4t_fW3g,https://www.instagram.com/muhittinoglumotorkuba,25,GÜVENLİ,False,0.0,0,"kuba newlight 50 pro a , =",,,False,www.instagram.com,
gen_441ca25656b2,,https://l.facebook.com/l.php?u=https%3A%2F%2Fwww.instagram.com%2Fmuhittinoglumotorkuba&h=AT6ofPfUmxfxSkNH4mq2kE09STjkxNpK-kc2gQk8dgJwW8NPFpHQG2tNvgc9WhGmI1j6DxZd5UOUTHtmNIUyLYOa20uTXdTqsnp3HPPxN2k1of0zDAqYajTokupP-zaJ-iZLJWQ78mJ_odlnCupS4t_fW3g,https://www.instagram.com/muhittinoglumotorkuba,25,GÜVENLİ,False,0.0,0,"taksit segenekleri %o0 %o0 %6 %6 %o %o0 %o %o0 , maximum %o %6 %o %10",,,False,www.instagram.com,
gen_18aaca87d75d,Simpra Türkiye,https://www.facebook.com/simpra.tr/,http://fb.me/,25,GÜVENLİ,False,0.0,0,a) simpra,,,False,fb.me,
gen_65a13204c5aa,,https://l.facebook.com/l.php?u=https%3A%2F%2Fwww.instagram.com%2Fmuhittinoglumotorkuba&h=AT6ofPfUmxfxSkNH4mq2kE09STjkxNpK-kc2gQk8dgJwW8NPFpHQG2tNvgc9WhGmI1j6DxZd5UOUTHtmNIUyLYOa20uTXdTqsnp3HPPxN2k1of0zDAqYajTokupP-zaJ-iZLJWQ78mJ_odlnCupS4t_fW3g,https://www.instagram.com/muhittinoglumotorkuba,50,ŞÜPHELİ,False,0.0,0,kuba newcity 50 muhittinosglu ‘motor ganta ruhsata igliir | vakifbank ve [kredi kattlarina 12 ay 0) ,,vakıfbank|vakifbank,False,www.instagram.com,
gen_320d9a95c05f,,https://l.facebook.com/l.php?u=https%3A%2F%2Fwww.instagram.com%2Fmuhittinoglumotorkuba&h=AT6ofPfUmxfxSkNH4mq2kE09STjkxNpK-kc2gQk8dgJwW8NPFpHQG2tNvgc9WhGmI1j6DxZd5UOUTHtmNIUyLYOa20uTXdTqsnp3HPPxN2k1of0zDAqYajTokupP-zaJ-iZLJWQ78mJ_odlnCupS4t_fW3g,https://www.instagram.com/muhittinoglumotorkuba,60,ŞÜPHELİ,False,0.0,0,"newcity so de j 29 76° 0.1 ‘esegenekier! isi avartalt tis se kuba b0""* canta ruhsata lslidir vakifba",,vakıfbank|vakifbank,False,www.instagram.com,
gen_55599976e4df,,https://l.facebook.com/l.php?u=https%3A%2F%2Fwww.instagram.com%2Fmuhittinoglumotorkuba&h=AT6ofPfUmxfxSkNH4mq2kE09STjkxNpK-kc2gQk8dgJwW8NPFpHQG2tNvgc9WhGmI1j6DxZd5UOUTHtmNIUyLYOa20uTXdTqsnp3HPPxN2k1of0zDAqYajTokupP-zaJ-iZLJWQ78mJ_odlnCupS4t_fW3g,https://www.instagram.com/muhittinoglumotorkuba,60,ŞÜPHELİ,False,0.0,0,"newcity so *ganta ruhsata islidir | vakifbank ve | [kredi kartlarina 12 ay, %0) faiz seceneg/ ile!",,vakıfbank|vakifbank,False,www.instagram.com,
gen_faeda8a4bdc7,,https://l.facebook.com/l.php?u=https%3A%2F%2Fwww.instagram.com%2Fmuhittinoglumotorkuba&h=AT6ofPfUmxfxSkNH4mq2kE09STjkxNpK-kc2gQk8dgJwW8NPFpHQG2tNvgc9WhGmI1j6DxZd5UOUTHtmNIUyLYOa20uTXdTqsnp3HPPxN2k1of0zDAqYajTokupP-zaJ-iZLJWQ78mJ_odlnCupS4t_fW3g,https://www.instagram.com/muhittinoglumotorkuba,60,ŞÜPHELİ,False,0.0,0,newcity so _ vakifbank ve kredi kartlarina 12 ay %0 faiz secenegi ile!,,vakıfbank|vakifbank,False,www.instagram.com,
gen_bb2b1a6ace1c,,https://l.facebook.com/l.php?u=https%3A%2F%2Fwww.instagram.com%2Fmuhittinoglumotorkuba&h=AT6ofPfUmxfxSkNH4mq2kE09STjkxNpK-kc2gQk8dgJwW8NPFpHQG2tNvgc9WhGmI1j6DxZd5UOUTHtmNIUyLYOa20uTXdTqsnp3HPPxN2k1of0zDAqYajTokupP-zaJ-iZLJWQ78mJ_odlnCupS4t_fW3g,https://www.instagram.com/muhittinoglumotorkuba,60,ŞÜPHELİ,True,0.2682,1,newcity 50 4 s 4 it q it a newcity,,,False,www.instagram.com,
gen_43cdaa06a218,,https://l.facebook.com/l.php?u=https%3A%2F%2Fwww.instagram.com%2Fmuhittinoglumotorkuba&h=AT6ofPfUmxfxSkNH4mq2kE09STjkxNpK-kc2gQk8dgJwW8NPFpHQG2tNvgc9WhGmI1j6DxZd5UOUTHtmNIUyLYOa20uTXdTqsnp3HPPxN2k1of0zDAqYajTokupP-zaJ-iZLJWQ78mJ_odlnCupS4t_fW3g,https://www.instagram.com/muhittinoglumotorkuba,60,ŞÜPHELİ,True,0.1784,1,newcity 50 ganta ruhsata isli newcity y,,,False,www.instagram.com,
gen_96b8af7625a5,,https://l.facebook.com/l.php?u=https%3A%2F%2Fwww.instagram.com%2Fmuhittinoglumotorkuba&h=AT6ofPfUmxfxSkNH4mq2kE09STjkxNpK-kc2gQk8dgJwW8NPFpHQG2tNvgc9WhGmI1j6DxZd5UOUTHtmNIUyLYOa20uTXdTqsnp3HPPxN2k1of0zDAqYajTokupP-zaJ-iZLJWQ78mJ_odlnCupS4t_fW3g,https://www.instagram.com/muhittinoglumotorkuba,25,GÜVENLİ,False,0.0,0,taksit segenekleri oc %o0 %o0 %6 %6 %o %o %o %o t. fw world ig maxmum,,,False,www.instagram.com,
gen_68721379437f,vodafone_erdem,https://l.facebook.com/l.php?u=https%3A%2F%2Fwww.instagram.com%2F_u%2Fvodafone_erdem&h=AT6ofPfUmxfxSkNH4mq2kE09STjkxNpK-kc2gQk8dgJwW8NPFpHQG2tNvgc9WhGmI1j6DxZd5UOUTHtmNIUyLYOa20uTXdTqsnp3HPPxN2k1of0zDAqYajTokupP-zaJ-iZLJWQ78mJ_odlnCupS4t_fW3g,https://www.instagram.com/_u/vodafone_erdem,50,ŞÜPHELİ,False,0.0,0,"ev internetini sgye simdiden hazirlal i alt yapi gerekmez kurulum gerekmez — fise tak, calisti \y ‘m",,vakıfbank|vakifbank,False,www.instagram.com,
gen_f210596de3e3,Altınanne,https://www.facebook.com/61570016250999/,https://fb.com/canvas_doc/26270807062551266,70,DOLANDIRICI,True,0.279,1,"yziraatbankas wworce maxmum klasik zarafet, mutlak gtiven sikligiyla g6z alir, kalic! degeriyle yani",,,False,fb.com,
gen_5f76e2ccc434,MuhittinoglumotorKuba,https://www.facebook.com/61573460817586/,,15,GÜVENLİ,False,0.0,0,seri igin® — antajit taksit segenek kubr br’ pear vakifbank le anke ikreci kar enko su muhittinsglu ,,vakıfbank|vakifbank,False,,
gen_d380e62041f3,MuhittinoglumotorKuba,https://www.facebook.com/61573460817586/,,15,GÜVENLİ,False,0.0,0,"brilliant 26e =, canta ruhsata islidir fe vakifbank we traguksciso tst 2 ay xo] esi serenegei(ed",,vakıfbank|vakifbank,False,,
gen_c4f30b7e1b6e,MuhittinoglumotorKuba,https://www.facebook.com/61573460817586/,,35,GÜVENLİ,True,0.4212,2,brilliant 26e,,,False,,
gen_85eda24f800d,MuhittinoglumotorKuba,https://www.facebook.com/61573460817586/,,0,GÜVENLİ,False,0.0,0,brilliant 26e zy ka ganta © ie runsata isl,,,False,,
gen_b959eda5a5a6,MuhittinoglumotorKuba,https://www.facebook.com/61573460817586/,,0,GÜVENLİ,False,0.0,0,brilliant 26e,,,False,,
gen_2485f6c2527f,MuhittinoglumotorKuba,https://www.facebook.com/61573460817586/,,0,GÜVENLİ,False,0.0,0,brilliant 26e,,,False,,
gen_d893b6882251,MuhittinoglumotorKuba,https://www.facebook.com/61573460817586/,,0,GÜVENLİ,False,0.0,0,"; : taksit segenekleri %o0 %o0 %o0 %6 %6 %6 %o %o0 %o %o %o0 %10 , maximum %o %6 %o %10",,,False,,
gen_135cc8137b3e,burcin_finas_ve_reklam_ajansi,https://l.facebook.com/l.php?u=http%3A%2F%2Finstagram.com%2Fburcin_finas_ve_reklam_ajansi&h=AT6ofPfUmxfxSkNH4mq2kE09STjkxNpK-kc2gQk8dgJwW8NPFpHQG2tNvgc9WhGmI1j6DxZd5UOUTHtmNIUyLYOa20uTXdTqsnp3HPPxN2k1of0zDAqYajTokupP-zaJ-iZLJWQ78mJ_odlnCupS4t_fW3g,http://instagram.com/burcin_finas_ve_reklam_ajansi,25,GÜVENLİ,False,0.0,0,,,,False,instagram.com,
gen_f597477b7610,burcin_finas_ve_reklam_ajansi,https://l.facebook.com/l.php?u=http%3A%2F%2Finstagram.com%2Fburcin_finas_ve_reklam_ajansi&h=AT6ofPfUmxfxSkNH4mq2kE09STjkxNpK-kc2gQk8dgJwW8NPFpHQG2tNvgc9WhGmI1j6DxZd5UOUTHtmNIUyLYOa20uTXdTqsnp3HPPxN2k1of0zDAqYajTokupP-zaJ-iZLJWQ78mJ_odlnCupS4t_fW3g,http://instagram.com/burcin_finas_ve_reklam_ajansi,60,ŞÜPHELİ,True,0.8546,3,2025'te beraber kazanalim denizbank - isbank vakipbank - akbank p. banka hesaplart artyo: detayh bil,,,False,instagram.com,
gen_e14d4c5404ee,Giysi Store,https://www.facebook.com/giysistoreofficial/,,45,ŞÜPHELİ,True,0.1753,1,"bal ~ 7 yeni sezon ey, takim elise » ‘gomlek kravat mendil .. 4 d.990tl",,,False,,
gen_e56a072644a2,Altınanne,https://www.facebook.com/61570016250999/,https://altinanne.com/gram-altin,25,GÜVENLİ,False,0.0,0,"altin anne giivencesiyle minimal olcii, maksimum gtivence her butceye uygun gram altin secenekleri h",,,False,altinanne.com,
gen_6ee02c5ae249,BALCI MOTOR,https://www.facebook.com/61570061587310/,http://instagram.com/balci.motor,35,GÜVENLİ,False,0.0,0,wanet fivat__ 195.466 tl sadege hakit ‘gdemelerde! € q ete famavney | voy j sit j wontnenoues,,,False,instagram.com,
gen_e88b5984662f,Mutfak Sanatları Akademisi,https://www.facebook.com/mutfaksanatlariakademisi/,https://msa.com.tr/egitim/profesyonel-pastacilik,25,GÜVENLİ,False,0.0,0,"odemesiz dénemweaevawy,",,,False,msa.com.tr,
gen_8b0a18a733ee,Giysi Store,https://www.facebook.com/giysistoreofficial/,,45,ŞÜPHELİ,True,0.1753,1,"bal ~ 7 yeni sezon ey, takim elise » ‘gomlek kravat mendil .. 4 d.990tl",,,False,,
gen_ddf20cf56eb9,Lokman Fatih Fazlıoğlu Arçelik,https://www.facebook.com/61555978946785/,http://instagram.com/lokmanfazliogluarcelik,35,GÜVENLİ,False,0.0,0,lokman fatih fazlioglu magazamiza 6zel kampanya! s70471mb s'lo setfiyati nofrost buadolby © 71.999 l,,,False,instagram.com,
gen_7a1890460beb,Hüseyinoğlu Beko bayii,https://www.facebook.com/100046312934399/,http://instagram.com/huseyinoglu.beko,50,ŞÜPHELİ,False,0.0,0,ramazan bayramina ceyiz paketi kampanyasi basladi! yapikredi ve vakifbank karta pesin fiyat 9 ay tak,,vakıfbank|vakifbank,False,instagram.com,
gen_b49610b4f966,Mutfak Sanatları Akademisi,https://www.facebook.com/mutfaksanatlariakademisi/,https://msa.com.tr/egitim/profesyonel-ascilik,40,ŞÜPHELİ,False,0.0,0,msa profesyonel as yenilenmis sengiyis w8 haziran’ dapbasliyor. ustelik vakifbank ea a kade odemesig,,vakıfbank|vakifbank,False,msa.com.tr,
gen_32c2000e4808,emreasc42,https://www.facebook.com/100086995856902/,http://instagram.com/almina_elektronik2,50,ŞÜPHELİ,False,0.0,0,kuveyt turk ‘ss taksit vakifbank e. 4/8 taksit. garanti 4/5/6 taksit ‘akbank 3/4/6/6 taksit tee e 4 ,,vakıfbank|vakifbank,False,instagram.com,
gen_e5728278cb5e,Arçelik Kacar Ticaret,https://www.facebook.com/kacarticaret/,https://www.instagram.com/arcelik.kacarticaret/?fbclid=IwAR06-nHPDCuETgxMO18xUUYPhh2zi_qlpXF5NZkJMLA0QthWsbjxNgLwOeg,40,ŞÜPHELİ,False,0.0,0,kacar ticaret arcelik'te mart ayina ozel buyuk indirimler sizleri bekliyor! pesin nakite fiyatina oz,,vakıfbank|vakifbank,False,www.instagram.com,
gen_7b2855e8a691,eslem_telekom_vodafone,https://l.facebook.com/l.php?u=https%3A%2F%2Fwww.instagram.com%2F_u%2Feslem_telekom_vodafone&h=AT6ofPfUmxfxSkNH4mq2kE09STjkxNpK-kc2gQk8dgJwW8NPFpHQG2tNvgc9WhGmI1j6DxZd5UOUTHtmNIUyLYOa20uTXdTqsnp3HPPxN2k1of0zDAqYajTokupP-zaJ-iZLJWQ78mJ_odlnCupS4t_fW3g,https://www.instagram.com/_u/eslem_telekom_vodafone,50,ŞÜPHELİ,False,0.0,0,akith 5g'li telefonlar vodafone faturaniza ek 12 ay taksitle 24:5 ~ eslem telefon _—___ vodafone yet,,vakıfbank|vakifbank,False,www.instagram.com,
gen_8b2d5b48b831,Mutfak Sanatları Akademisi,https://www.facebook.com/mutfaksanatlariakademisi/,https://msa.com.tr/egitim/profesyonel-ascilik,35,GÜVENLİ,False,0.0,0,ustelik kegitim kredisiyle _ ii 8 aya kadar édemesiz dénem ve ~msa -_ the colinary acts acadecry 24.,,,False,msa.com.tr,
gen_8f99c9b0a3d0,Çakır Alışveriş Merkezi,https://www.facebook.com/cakiravm/,http://instagram.com/cakiralisverismerkezleri,60,ŞÜPHELİ,True,0.2481,1,altus3lu © beyaz esya seti al ew euzocuae (64.9900. ferre \ €é altus 10 kg camasir ve ankastre set |,,,False,instagram.com,
gen_6666587358e0,,https://l.facebook.com/l.php?u=https%3A%2F%2Fwww.mngturizm.com%2Felit-hollanda-amsterdam-turu-thy-3-gece-23-nisan-donemi-avm586&h=AT6ofPfUmxfxSkNH4mq2kE09STjkxNpK-kc2gQk8dgJwW8NPFpHQG2tNvgc9WhGmI1j6DxZd5UOUTHtmNIUyLYOa20uTXdTqsnp3HPPxN2k1of0zDAqYajTokupP-zaJ-iZLJWQ78mJ_odlnCupS4t_fW3g,https://www.mngturizm.com/elit-hollanda-amsterdam-turu-thy-3-gece-23-nisan-donemi-avm586,85,DOLANDIRICI,True,0.3314,1,"3g eg e >) turkish 4gun <7 airlines aa geziler dahil, ekstra tur odemesi yok! y f © vakifbank ite 8.",,vakıfbank|vakifbank,False,www.mngturizm.com,
gen_eac39998c1d2,,https://l.facebook.com/l.php?u=https%3A%2F%2Fwww.mngturizm.com%2Felit-hollanda-amsterdam-turu-thy-3-gece-23-nisan-donemi-avm586&h=AT6ofPfUmxfxSkNH4mq2kE09STjkxNpK-kc2gQk8dgJwW8NPFpHQG2tNvgc9WhGmI1j6DxZd5UOUTHtmNIUyLYOa20uTXdTqsnp3HPPxN2k1of0zDAqYajTokupP-zaJ-iZLJWQ78mJ_odlnCupS4t_fW3g,https://www.mngturizm.com/elit-hollanda-amsterdam-turu-thy-3-gece-23-nisan-donemi-avm586,70,DOLANDIRICI,True,0.6911,1,elit isvicre * 3 cece anna 4 gun tum ekstra tur — : odemesi yok! ff 23 nisan 2026 j © vakitbank ie |,,,False,www.mngturizm.com,
gen_4d9a38b5e2b9,,https://l.facebook.com/l.php?u=https%3A%2F%2Fwww.mngturizm.com%2Felit-hollanda-amsterdam-turu-thy-3-gece-23-nisan-donemi-avm586&h=AT6ofPfUmxfxSkNH4mq2kE09STjkxNpK-kc2gQk8dgJwW8NPFpHQG2tNvgc9WhGmI1j6DxZd5UOUTHtmNIUyLYOa20uTXdTqsnp3HPPxN2k1of0zDAqYajTokupP-zaJ-iZLJWQ78mJ_odlnCupS4t_fW3g,https://www.mngturizm.com/elit-hollanda-amsterdam-turu-thy-3-gece-23-nisan-donemi-avm586,85,DOLANDIRICI,True,0.6772,2,". 23 nisan donemi elit alsace ve romantik yol almanya muhtesem rhein nehir aaa ecun tne 5gun pi b, g",,vakıfbank|vakifbank,False,www.mngturizm.com,
gen_da4f8e5eefd9,,https://l.facebook.com/l.php?u=https%3A%2F%2Fwww.mngturizm.com%2Felit-hollanda-amsterdam-turu-thy-3-gece-23-nisan-donemi-avm586&h=AT6ofPfUmxfxSkNH4mq2kE09STjkxNpK-kc2gQk8dgJwW8NPFpHQG2tNvgc9WhGmI1j6DxZd5UOUTHtmNIUyLYOa20uTXdTqsnp3HPPxN2k1of0zDAqYajTokupP-zaJ-iZLJWQ78mJ_odlnCupS4t_fW3g,https://www.mngturizm.com/elit-hollanda-amsterdam-turu-thy-3-gece-23-nisan-donemi-avm586,85,DOLANDIRICI,True,0.6561,1,"f elit alsace ve colmar =) gece turkish | 4 gun airlines tum i geziler dahil, ekstra tur odemesi yok",,vakıfbank|vakifbank,False,www.mngturizm.com,
gen_5e07e03110a5,,https://l.facebook.com/l.php?u=https%3A%2F%2Fwww.mngturizm.com%2Felit-hollanda-amsterdam-turu-thy-3-gece-23-nisan-donemi-avm586&h=AT6ofPfUmxfxSkNH4mq2kE09STjkxNpK-kc2gQk8dgJwW8NPFpHQG2tNvgc9WhGmI1j6DxZd5UOUTHtmNIUyLYOa20uTXdTqsnp3HPPxN2k1of0zDAqYajTokupP-zaJ-iZLJWQ78mJ_odlnCupS4t_fW3g,https://www.mngturizm.com/elit-hollanda-amsterdam-turu-thy-3-gece-23-nisan-donemi-avm586,60,ŞÜPHELİ,True,0.6821,1,"7 23 nisan donemi elit slovenya avusturya almanya tum geziler dahil, ekstra tur odemesi yok!",,,False,www.mngturizm.com,
gen_668bec83192c,Ayber,https://www.facebook.com/61564759144006/,https://fb.com/canvas_doc/1563319631483595,75,DOLANDIRICI,True,0.9304,2,(yer... x @ vakifbank isbirligiyle i bugun al sonra ode hemen iletisime ge¢,,vakıfbank|vakifbank,False,fb.com,
gen_32b0936884f5,emreasc42,https://www.facebook.com/100086995856902/,http://instagram.com/almina_elektronik2,50,ŞÜPHELİ,False,0.0,0,‘smtr oee0oo vakifbank 4/5 taksit tl garantii 4/5/6 taksit akbank © 3/4/5/6 taksit . @ teb 4 taksit ,,vakıfbank|vakifbank,False,instagram.com,
gen_214a5c8c4f22,oxygenfitnessstudio,https://www.facebook.com/100068904557254/,http://instagram.com/oxygenfitnessstudio,95,DOLANDIRICI,False,0.0,0,te ie j piel! fa =h : . a tie | vakifbank karta avantaji | we” spor salonu uyelik fiyatlari oxygen f,hediye,vakıfbank|vakifbank,False,instagram.com,
gen_4c7e910f43d8,Mutfak Sanatları Akademisi,https://www.facebook.com/mutfaksanatlariakademisi/,https://msa.com.tr/egitim/profesyonel-pastacilik,60,ŞÜPHELİ,True,0.1666,1,,,,False,msa.com.tr,
gen_6ecf78abb89b,Altınanne,https://www.facebook.com/61570016250999/,https://fb.com/canvas_doc/2735323233517558,70,DOLANDIRICI,True,0.2387,2,"yziraatbankas | bank = maximum world klasik zarafet, mutlak given sikligiyla g6z alir, kalic! degeri",,,False,fb.com,
gen_1fc39b6fc95b,Kampanya,https://www.facebook.com/61583760935558/,http://fb.me/,100,DOLANDIRICI,True,0.2756,1,"@® vakifbank karti limiti 150.000tl ve ustd olanlara 3 ay ertelemeli, %0 faiz ile ‘sky limit vinov i",ertelemeli|erteleme|ay ertelemeli,vakıfbank|vakifbank,False,fb.me,
gen_cce70c2ff6c7,,https://l.facebook.com/l.php?u=http%3A%2F%2Finstagram.com%2Ferenmasasandalye_&h=AT6ofPfUmxfxSkNH4mq2kE09STjkxNpK-kc2gQk8dgJwW8NPFpHQG2tNvgc9WhGmI1j6DxZd5UOUTHtmNIUyLYOa20uTXdTqsnp3HPPxN2k1of0zDAqYajTokupP-zaJ-iZLJWQ78mJ_odlnCupS4t_fW3g,http://instagram.com/erenmasasandalye_,60,ŞÜPHELİ,True,0.3548,1,,,,False,instagram.com,
gen_e80f38228b56,,https://l.facebook.com/l.php?u=http%3A%2F%2Finstagram.com%2Ferenmasasandalye_&h=AT6ofPfUmxfxSkNH4mq2kE09STjkxNpK-kc2gQk8dgJwW8NPFpHQG2tNvgc9WhGmI1j6DxZd5UOUTHtmNIUyLYOa20uTXdTqsnp3HPPxN2k1of0zDAqYajTokupP-zaJ-iZLJWQ78mJ_odlnCupS4t_fW3g,http://instagram.com/erenmasasandalye_,60,ŞÜPHELİ,True,0.3536,1,,,,False,instagram.com,
gen_c09f56be39a7,,https://l.facebook.com/l.php?u=http%3A%2F%2Finstagram.com%2Ferenmasasandalye_&h=AT6ofPfUmxfxSkNH4mq2kE09STjkxNpK-kc2gQk8dgJwW8NPFpHQG2tNvgc9WhGmI1j6DxZd5UOUTHtmNIUyLYOa20uTXdTqsnp3HPPxN2k1of0zDAqYajTokupP-zaJ-iZLJWQ78mJ_odlnCupS4t_fW3g,http://instagram.com/erenmasasandalye_,60,ŞÜPHELİ,True,0.2661,2,,,,False,instagram.com,
gen_08cd75af7359,,https://l.facebook.com/l.php?u=http%3A%2F%2Finstagram.com%2Ferenmasasandalye_&h=AT6ofPfUmxfxSkNH4mq2kE09STjkxNpK-kc2gQk8dgJwW8NPFpHQG2tNvgc9WhGmI1j6DxZd5UOUTHtmNIUyLYOa20uTXdTqsnp3HPPxN2k1of0zDAqYajTokupP-zaJ-iZLJWQ78mJ_odlnCupS4t_fW3g,http://instagram.com/erenmasasandalye_,25,GÜVENLİ,False,0.0,0,,,,False,instagram.com,
gen_4472838548d1,,https://l.facebook.com/l.php?u=http%3A%2F%2Finstagram.com%2Ferenmasasandalye_&h=AT6ofPfUmxfxSkNH4mq2kE09STjkxNpK-kc2gQk8dgJwW8NPFpHQG2tNvgc9WhGmI1j6DxZd5UOUTHtmNIUyLYOa20uTXdTqsnp3HPPxN2k1of0zDAqYajTokupP-zaJ-iZLJWQ78mJ_odlnCupS4t_fW3g,http://instagram.com/erenmasasandalye_,25,GÜVENLİ,False,0.0,0,as et |,,,False,instagram.com,
gen_0ad4554ad43b,,https://l.facebook.com/l.php?u=http%3A%2F%2Finstagram.com%2Ferenmasasandalye_&h=AT6ofPfUmxfxSkNH4mq2kE09STjkxNpK-kc2gQk8dgJwW8NPFpHQG2tNvgc9WhGmI1j6DxZd5UOUTHtmNIUyLYOa20uTXdTqsnp3HPPxN2k1of0zDAqYajTokupP-zaJ-iZLJWQ78mJ_odlnCupS4t_fW3g,http://instagram.com/erenmasasandalye_,25,GÜVENLİ,False,0.0,0,,,,False,instagram.com,
gen_cbad7e512264,,https://l.facebook.com/l.php?u=http%3A%2F%2Finstagram.com%2Ferenmasasandalye_&h=AT6ofPfUmxfxSkNH4mq2kE09STjkxNpK-kc2gQk8dgJwW8NPFpHQG2tNvgc9WhGmI1j6DxZd5UOUTHtmNIUyLYOa20uTXdTqsnp3HPPxN2k1of0zDAqYajTokupP-zaJ-iZLJWQ78mJ_odlnCupS4t_fW3g,http://instagram.com/erenmasasandalye_,25,GÜVENLİ,False,0.0,0,,,,False,instagram.com,
gen_8cff085a50f2,,https://l.facebook.com/l.php?u=http%3A%2F%2Finstagram.com%2Ferenmasasandalye_&h=AT6ofPfUmxfxSkNH4mq2kE09STjkxNpK-kc2gQk8dgJwW8NPFpHQG2tNvgc9WhGmI1j6DxZd5UOUTHtmNIUyLYOa20uTXdTqsnp3HPPxN2k1of0zDAqYajTokupP-zaJ-iZLJWQ78mJ_odlnCupS4t_fW3g,http://instagram.com/erenmasasandalye_,60,ŞÜPHELİ,True,0.2848,1,,,,False,instagram.com,
gen_359f7fff1c02,,https://l.facebook.com/l.php?u=http%3A%2F%2Finstagram.com%2Ferenmasasandalye_&h=AT6ofPfUmxfxSkNH4mq2kE09STjkxNpK-kc2gQk8dgJwW8NPFpHQG2tNvgc9WhGmI1j6DxZd5UOUTHtmNIUyLYOa20uTXdTqsnp3HPPxN2k1of0zDAqYajTokupP-zaJ-iZLJWQ78mJ_odlnCupS4t_fW3g,http://instagram.com/erenmasasandalye_,25,GÜVENLİ,False,0.0,0,,,,False,instagram.com,
gen_fb4c5723d7b6,,https://l.facebook.com/l.php?u=http%3A%2F%2Finstagram.com%2Ferenmasasandalye_&h=AT6ofPfUmxfxSkNH4mq2kE09STjkxNpK-kc2gQk8dgJwW8NPFpHQG2tNvgc9WhGmI1j6DxZd5UOUTHtmNIUyLYOa20uTXdTqsnp3HPPxN2k1of0zDAqYajTokupP-zaJ-iZLJWQ78mJ_odlnCupS4t_fW3g,http://instagram.com/erenmasasandalye_,60,ŞÜPHELİ,True,0.1644,1,,,,False,instagram.com,
gen_2f8975800658,Mustafa Karabaş,https://www.facebook.com/mustafa.karabas.181943/,,0,GÜVENLİ,False,0.0,0,“ yyircali hizligelisim) vuksek randiman besi yemi gostumyen . “gillen yitziinitz™ — —* _ . e,,,False,,
gen_f3e947550800,Mustafa Karabaş,https://www.facebook.com/mustafa.karabas.181943/,,0,GÜVENLİ,False,0.0,0,yyircali gucune & i c 3 sagimin her déneminde yiiksek verim igin elinizdeki giig,,,False,,
gen_0d296490b22c,Mustafa Karabaş,https://www.facebook.com/mustafa.karabas.181943/,,0,GÜVENLİ,False,0.0,0,wyircali iestekgisi o dogumuniguglu alis dostum kuru donem vemi,,,False,,
gen_a123c6d2fc97,Mustafa Karabaş,https://www.facebook.com/mustafa.karabas.181943/,,0,GÜVENLİ,False,0.0,0,hizlibesi yemiile dabakartive verimli besicilik! wircali kisa stiredo ylks giigit yilksok canh agirt,,,False,,
gen_d1a6265cce89,Giysi Store,https://www.facebook.com/giysistoreofficial/,,0,GÜVENLİ,False,0.0,0,,,,False,,
gen_87ff073f1044,Kampanya,https://www.facebook.com/61583760935558/,http://fb.me/,100,DOLANDIRICI,True,0.2756,1,"@® vakifbank karti limiti 150.000tl ve ustd olanlara 3 ay ertelemeli, %0 faiz ile ‘sky limit vinov i",ertelemeli|erteleme|ay ertelemeli,vakıfbank|vakifbank,False,fb.me,
gen_4adb6695ac61,Emre İletişim,https://www.facebook.com/61586955241849/,http://instagram.com/emreiletisim.1,50,ŞÜPHELİ,False,0.0,0,17 pro 256gb 2 yil apple turkiye garantili @ kuvety - 5 be) garantis-6 | vakifbank 4-5-6 akbank 4-5-,,vakıfbank|vakifbank,False,instagram.com,
gen_4853957fb7c3,sedaa.afinans,https://l.facebook.com/l.php?u=http%3A%2F%2Finstagram.com%2Fsedaa.afinans&h=AT6ofPfUmxfxSkNH4mq2kE09STjkxNpK-kc2gQk8dgJwW8NPFpHQG2tNvgc9WhGmI1j6DxZd5UOUTHtmNIUyLYOa20uTXdTqsnp3HPPxN2k1of0zDAqYajTokupP-zaJ-iZLJWQ78mJ_odlnCupS4t_fW3g,http://instagram.com/sedaa.afinans,25,GÜVENLİ,False,0.0,0,,,,False,instagram.com,
gen_829f9432ee71,sedaa.afinans,https://l.facebook.com/l.php?u=http%3A%2F%2Finstagram.com%2Fsedaa.afinans&h=AT6ofPfUmxfxSkNH4mq2kE09STjkxNpK-kc2gQk8dgJwW8NPFpHQG2tNvgc9WhGmI1j6DxZd5UOUTHtmNIUyLYOa20uTXdTqsnp3HPPxN2k1of0zDAqYajTokupP-zaJ-iZLJWQ78mJ_odlnCupS4t_fW3g,http://instagram.com/sedaa.afinans,35,GÜVENLİ,False,0.0,0,ister misiniz 2 binance tr & coif tr garanti - vakiegank denizbank - isbank yapikredi - akbank %& v.,,,False,instagram.com,
gen_64190cc74b19,,https://l.facebook.com/l.php?u=https%3A%2F%2Fwww.mngturizm.com%2Felit-alsace-colmar-turu-1-mayis-donemi-thy-ile-3-gece-avm370&h=AT6ofPfUmxfxSkNH4mq2kE09STjkxNpK-kc2gQk8dgJwW8NPFpHQG2tNvgc9WhGmI1j6DxZd5UOUTHtmNIUyLYOa20uTXdTqsnp3HPPxN2k1of0zDAqYajTokupP-zaJ-iZLJWQ78mJ_odlnCupS4t_fW3g,https://www.mngturizm.com/elit-alsace-colmar-turu-1-mayis-donemi-thy-ile-3-gece-avm370,70,DOLANDIRICI,True,0.7585,2,"elit alsace ve colmar 2con ees 4 gun tum geziler dahil, ekstra tur odemesi yok! o 026 j vakstbank ie",,,False,www.mngturizm.com,
gen_6f1837e62dde,,https://l.facebook.com/l.php?u=https%3A%2F%2Fwww.mngturizm.com%2Felit-alsace-colmar-turu-1-mayis-donemi-thy-ile-3-gece-avm370&h=AT6ofPfUmxfxSkNH4mq2kE09STjkxNpK-kc2gQk8dgJwW8NPFpHQG2tNvgc9WhGmI1j6DxZd5UOUTHtmNIUyLYOa20uTXdTqsnp3HPPxN2k1of0zDAqYajTokupP-zaJ-iZLJWQ78mJ_odlnCupS4t_fW3g,https://www.mngturizm.com/elit-alsace-colmar-turu-1-mayis-donemi-thy-ile-3-gece-avm370,70,DOLANDIRICI,True,0.3397,1,|_imayis donemi_ | elit hollanda amsterdam keukenhof bahgeleri girrisi dahil | 3cece tyrie | 4 gun 6,,,False,www.mngturizm.com,
gen_82552264a6ca,,https://l.facebook.com/l.php?u=https%3A%2F%2Fwww.mngturizm.com%2Felit-alsace-colmar-turu-1-mayis-donemi-thy-ile-3-gece-avm370&h=AT6ofPfUmxfxSkNH4mq2kE09STjkxNpK-kc2gQk8dgJwW8NPFpHQG2tNvgc9WhGmI1j6DxZd5UOUTHtmNIUyLYOa20uTXdTqsnp3HPPxN2k1of0zDAqYajTokupP-zaJ-iZLJWQ78mJ_odlnCupS4t_fW3g,https://www.mngturizm.com/elit-alsace-colmar-turu-1-mayis-donemi-thy-ile-3-gece-avm370,85,DOLANDIRICI,True,0.5197,2,"—— s elit slovenya avusturya almanya _ | 3gece ,aeeren airlines tum geziler dahil, ekstra tur odemes",,vakıfbank|vakifbank,False,www.mngturizm.com,
gen_b656b8ded830,,https://l.facebook.com/l.php?u=https%3A%2F%2Fwww.mngturizm.com%2Felit-alsace-colmar-turu-1-mayis-donemi-thy-ile-3-gece-avm370&h=AT6ofPfUmxfxSkNH4mq2kE09STjkxNpK-kc2gQk8dgJwW8NPFpHQG2tNvgc9WhGmI1j6DxZd5UOUTHtmNIUyLYOa20uTXdTqsnp3HPPxN2k1of0zDAqYajTokupP-zaJ-iZLJWQ78mJ_odlnCupS4t_fW3g,https://www.mngturizm.com/elit-alsace-colmar-turu-1-mayis-donemi-thy-ile-3-gece-avm370,70,DOLANDIRICI,True,0.6079,3,"fa 1mayis donemi 2con ees 4gun ain geziler dahil, 50 nisan 2026] ekstra tur odemesi yok! {2 vakatban",,,False,www.mngturizm.com,
gen_97e8bde0ed79,Anında Dijital,https://www.facebook.com/61587754243401/,http://fb.me/,100,DOLANDIRICI,True,0.955,1,vakifbank kredi kart: kullanan musterilerimize ozel %o faizli>™~ 150.000 tl iihtiyag kredisi 3 ay er,hemen başvur|ertelemeli|erteleme|ay ertelemeli,vakıfbank|vakifbank,False,fb.me,
gen_9eb11179a71f,Mutfak Sanatları Akademisi,https://www.facebook.com/mutfaksanatlariakademisi/,https://msa.com.tr/egitim/profesyonel-ascilik,85,DOLANDIRICI,True,0.1692,1,a- gi yenilenmigs igerigiyle msa\profesyonel ag$cilik program: 8 haziran‘da bashiyor. ustelik vakifb,,vakıfbank|vakifbank,False,msa.com.tr,
gen_9af5b9653920,Anında Dijital,https://www.facebook.com/61587754243401/,http://fb.me/,100,DOLANDIRICI,True,0.8537,2,ibe vakifbank r . maas. | ¢ musterilerimize “— 150.000 tl faizsiz kredi | 3 ay ertelemeli,ertelemeli|erteleme|ay ertelemeli,vakıfbank|vakifbank,False,fb.me,
gen_5e2fa7577105,Anında Dijital,https://www.facebook.com/61587754243401/,http://fb.me/,100,DOLANDIRICI,True,0.955,1,vakifbank kredi kart: kullanan musterilerimize ozel %o faizli>™~ 150.000 tl iihtiyag kredisi 3 ay er,hemen başvur|ertelemeli|erteleme|ay ertelemeli,vakıfbank|vakifbank,False,fb.me,
gen_99ec6cf6692a,antforageziturlari,https://l.facebook.com/l.php?u=https%3A%2F%2Fwww.instagram.com%2F_u%2Fantforageziturlari&h=AT6ofPfUmxfxSkNH4mq2kE09STjkxNpK-kc2gQk8dgJwW8NPFpHQG2tNvgc9WhGmI1j6DxZd5UOUTHtmNIUyLYOa20uTXdTqsnp3HPPxN2k1of0zDAqYajTokupP-zaJ-iZLJWQ78mJ_odlnCupS4t_fW3g,https://www.instagram.com/_u/antforageziturlari,25,GÜVENLİ,False,0.0,0,? )) ‘20 mart pazar bayrama oza fat au 71450 & garantisi | betanuptelvenezvasyonicin #905465531717 e,,,False,www.instagram.com,
gen_be7ba4b9339d,Kampanya,https://www.facebook.com/61583760935558/,http://fb.me/,100,DOLANDIRICI,True,0.2756,1,"@® vakifbank karti limiti 150.000tl ve ustd olanlara 3 ay ertelemeli, %0 faiz ile ‘sky limit vinov i",ertelemeli|erteleme|ay ertelemeli,vakıfbank|vakifbank,False,fb.me,
gen_4106d8bd5a03,antforageziturlari,https://l.facebook.com/l.php?u=https%3A%2F%2Fwww.instagram.com%2F_u%2Fantforageziturlari&h=AT6ofPfUmxfxSkNH4mq2kE09STjkxNpK-kc2gQk8dgJwW8NPFpHQG2tNvgc9WhGmI1j6DxZd5UOUTHtmNIUyLYOa20uTXdTqsnp3HPPxN2k1of0zDAqYajTokupP-zaJ-iZLJWQ78mJ_odlnCupS4t_fW3g,https://www.instagram.com/_u/antforageziturlari,25,GÜVENLİ,False,0.0,0,gunubirl ix p= rtakal gigegi =a s ss en uygun fiyat garantisi,,,False,www.instagram.com,
gen_ee52c4eb730a,Anında Dijital,https://www.facebook.com/61587754243401/,http://fb.me/,100,DOLANDIRICI,True,0.8537,2,ibe vakifbank r . maas. | ¢ musterilerimize “— 150.000 tl faizsiz kredi | 3 ay ertelemeli,ertelemeli|erteleme|ay ertelemeli,vakıfbank|vakifbank,False,fb.me,
gen_71fc07701ab7,Doğavizyon Turizm ve Seyahat Acentası,https://www.facebook.com/61576740344464/,https://www.instagram.com/_u/dogavizyonturizm,25,GÜVENLİ,False,0.0,0,2mart | 1750% on 2 steoewem | bazar | ig}sasi goret © 0501179 2424 ® _wwwdogavizyonturizm.com,,,False,www.instagram.com,
gen_6931542cc233,Pazarama,https://www.facebook.com/pazaramaco/,https://pazarama.go.link/firsatlar/l-banka-kampanyalari?adj_t=480w1ou&adj_campaign=222026_bankakampanyalari_toplubanka_conversion&adj_creative=meta&adj_fallback=https%3A%2F%2Fwww.pazarama.com%2Ffirsatlar%2Fl-banka-kampanyalari%3Futm_source%3Dmeta%26utm_medium%3Dcpc%26utm_campaign%3D222026_bankakampanyalari_toplubanka_conversion&adj_redirect=https%3A%2F%2Fwww.pazarama.com%2Ffirsatlar%2Fl-banka-kampanyalari%3Futm_source%3Dmeta%26utm_medium%3Dcpc%26utm_campaign%3D222026_bankakampanyalari_toplubanka_conversion&adj_mobile_not_track=1&utm_source=meta&utm_medium=cpc&utm_campaign=222026_bankakampanyalari_toplubanka_conversion,50,ŞÜPHELİ,False,0.0,0,mart ayina ozel kredi kart: firsatiarini kacirma! — 4 — vee ea om lak pose ama meta hice,,,False,pazarama.go.link,
gen_1d77d2f8e8a7,Anında Dijital,https://www.facebook.com/61587754243401/,http://fb.me/,100,DOLANDIRICI,True,0.955,1,vakifbank kredi kart: kullanan musterilerimize ozel %o faizli>™~ 150.000 tl iihtiyag kredisi 3 ay er,hemen başvur|ertelemeli|erteleme|ay ertelemeli,vakıfbank|vakifbank,False,fb.me,
gen_87f01675f906,Anında Dijital,https://www.facebook.com/61587754243401/,http://fb.me/,100,DOLANDIRICI,True,0.955,1,vakifbank kredi kart: kullanan musterilerimize ozel %o faizli>™~ 150.000 tl iihtiyag kredisi 3 ay er,hemen başvur|ertelemeli|erteleme|ay ertelemeli,vakıfbank|vakifbank,False,fb.me,
gen_d56ec249c698,KUŞÇUOĞLU LASTİK,https://www.facebook.com/Kuscuoglulastik/,,25,GÜVENLİ,False,0.0,0,ne nh ay 4 4 ~ scikm pg = 3 petit ah 2. el | lastikler % iw uygun fiyatlar ; - om. = anome walste a ,,vakıfbank|vakifbank,False,,
gen_04301dbc2457,Sona Eriyor,https://www.facebook.com/61582427072629/,,100,DOLANDIRICI,True,0.8032,2,vakifbank kredi karti misterilerimize 6zel emekli ve maas misterilerimize ayricaliklt %1.29 faizli /,hemen başvur,vakıfbank|vakifbank,False,,
gen_027ea137b89b,Anında Dijital,https://www.facebook.com/61587754243401/,http://fb.me/,100,DOLANDIRICI,True,0.8537,2,ibe vakifbank r . maas. | ¢ musterilerimize “— 150.000 tl faizsiz kredi | 3 ay ertelemeli,ertelemeli|erteleme|ay ertelemeli,vakıfbank|vakifbank,False,fb.me,
gen_c914df90d5c1,Anında Dijital,https://www.facebook.com/61587754243401/,http://fb.me/,100,DOLANDIRICI,True,0.8537,2,ibe vakifbank r . maas. | ¢ musterilerimize “— 150.000 tl faizsiz kredi | 3 ay ertelemeli,ertelemeli|erteleme|ay ertelemeli,vakıfbank|vakifbank,False,fb.me,
gen_686a3b9fb9d2,Anında Dijital,https://www.facebook.com/61587754243401/,http://fb.me/,100,DOLANDIRICI,True,0.955,1,vakifbank kredi kart: kullanan musterilerimize ozel %o faizli>™~ 150.000 tl iihtiyag kredisi 3 ay er,hemen başvur|ertelemeli|erteleme|ay ertelemeli,vakıfbank|vakifbank,False,fb.me,
gen_f23e7f1d3c36,Anında Dijital,https://www.facebook.com/61587754243401/,http://fb.me/,100,DOLANDIRICI,True,0.955,1,vakifbank kredi kart: kullanan musterilerimize ozel %o faizli>™~ 150.000 tl iihtiyag kredisi 3 ay er,hemen başvur|ertelemeli|erteleme|ay ertelemeli,vakıfbank|vakifbank,False,fb.me,
gen_51dfc9a8984c,Anında Dijital,https://www.facebook.com/61587754243401/,http://fb.me/,100,DOLANDIRICI,True,0.8537,2,ibe vakifbank r . maas. | ¢ musterilerimize “— 150.000 tl faizsiz kredi | 3 ay ertelemeli,ertelemeli|erteleme|ay ertelemeli,vakıfbank|vakifbank,False,fb.me,
gen_89a0ada1c86a,KUŞÇUOĞLU LASTİK,https://www.facebook.com/Kuscuoglulastik/,,25,GÜVENLİ,False,0.0,0,hankook |goopjvear| =lassa fi tag yazlik-kislik- 4 mevsim lastiiklerde kampanyalarimiz en uygun fiya,,vakıfbank|vakifbank,False,,
gen_7156d2f42b50,Üç Pas Yorum,https://www.facebook.com/100073022081898/,,35,GÜVENLİ,True,0.1957,1,,,,False,,
gen_a0c989edba5f,Anında Dijital,https://www.facebook.com/61587754243401/,http://fb.me/,100,DOLANDIRICI,True,0.955,1,vakifbank kredi kart: kullanan musterilerimize ozel %o faizli>™~ 150.000 tl iihtiyag kredisi 3 ay er,hemen başvur|ertelemeli|erteleme|ay ertelemeli,vakıfbank|vakifbank,False,fb.me,
gen_e3462a55bd90,,https://l.facebook.com/l.php?u=https%3A%2F%2Fwww.mngturizm.com%2Felit-alsace-colmar-turu-1-mayis-donemi-thy-ile-3-gece-avm370&h=AT6ofPfUmxfxSkNH4mq2kE09STjkxNpK-kc2gQk8dgJwW8NPFpHQG2tNvgc9WhGmI1j6DxZd5UOUTHtmNIUyLYOa20uTXdTqsnp3HPPxN2k1of0zDAqYajTokupP-zaJ-iZLJWQ78mJ_odlnCupS4t_fW3g,https://www.mngturizm.com/elit-alsace-colmar-turu-1-mayis-donemi-thy-ile-3-gece-avm370,70,DOLANDIRICI,True,0.7585,2,"elit alsace ve colmar 2con ees 4 gun tum geziler dahil, ekstra tur odemesi yok! o 026 j vakstbank ie",,,False,www.mngturizm.com,
gen_53b165e0e38a,,https://l.facebook.com/l.php?u=https%3A%2F%2Fwww.mngturizm.com%2Felit-alsace-colmar-turu-1-mayis-donemi-thy-ile-3-gece-avm370&h=AT6ofPfUmxfxSkNH4mq2kE09STjkxNpK-kc2gQk8dgJwW8NPFpHQG2tNvgc9WhGmI1j6DxZd5UOUTHtmNIUyLYOa20uTXdTqsnp3HPPxN2k1of0zDAqYajTokupP-zaJ-iZLJWQ78mJ_odlnCupS4t_fW3g,https://www.mngturizm.com/elit-alsace-colmar-turu-1-mayis-donemi-thy-ile-3-gece-avm370,70,DOLANDIRICI,True,0.3397,1,|_imayis donemi_ | elit hollanda amsterdam keukenhof bahgeleri girrisi dahil | 3cece tyrie | 4 gun 6,,,False,www.mngturizm.com,
gen_75ab01442f61,,https://l.facebook.com/l.php?u=https%3A%2F%2Fwww.mngturizm.com%2Felit-alsace-colmar-turu-1-mayis-donemi-thy-ile-3-gece-avm370&h=AT6ofPfUmxfxSkNH4mq2kE09STjkxNpK-kc2gQk8dgJwW8NPFpHQG2tNvgc9WhGmI1j6DxZd5UOUTHtmNIUyLYOa20uTXdTqsnp3HPPxN2k1of0zDAqYajTokupP-zaJ-iZLJWQ78mJ_odlnCupS4t_fW3g,https://www.mngturizm.com/elit-alsace-colmar-turu-1-mayis-donemi-thy-ile-3-gece-avm370,85,DOLANDIRICI,True,0.5197,2,"—— s elit slovenya avusturya almanya _ | 3gece ,aeeren airlines tum geziler dahil, ekstra tur odemes",,vakıfbank|vakifbank,False,www.mngturizm.com,
gen_ca3e67e2ca3f,,https://l.facebook.com/l.php?u=https%3A%2F%2Fwww.mngturizm.com%2Felit-alsace-colmar-turu-1-mayis-donemi-thy-ile-3-gece-avm370&h=AT6ofPfUmxfxSkNH4mq2kE09STjkxNpK-kc2gQk8dgJwW8NPFpHQG2tNvgc9WhGmI1j6DxZd5UOUTHtmNIUyLYOa20uTXdTqsnp3HPPxN2k1of0zDAqYajTokupP-zaJ-iZLJWQ78mJ_odlnCupS4t_fW3g,https://www.mngturizm.com/elit-alsace-colmar-turu-1-mayis-donemi-thy-ile-3-gece-avm370,70,DOLANDIRICI,True,0.6079,3,"fa 1mayis donemi 2con ees 4gun ain geziler dahil, 50 nisan 2026] ekstra tur odemesi yok! {2 vakatban",,,False,www.mngturizm.com,
gen_1d2b34e536af,Anında Dijital,https://www.facebook.com/61587754243401/,http://fb.me/,100,DOLANDIRICI,True,0.8537,2,ibe vakifbank r . maas. | ¢ musterilerimize “— 150.000 tl faizsiz kredi | 3 ay ertelemeli,ertelemeli|erteleme|ay ertelemeli,vakıfbank|vakifbank,False,fb.me,
gen_068c84004adb,Anında Dijital,https://www.facebook.com/61587754243401/,http://fb.me/,100,DOLANDIRICI,True,0.955,1,vakifbank kredi kart: kullanan musterilerimize ozel %o faizli>™~ 150.000 tl iihtiyag kredisi 3 ay er,hemen başvur|ertelemeli|erteleme|ay ertelemeli,vakıfbank|vakifbank,False,fb.me,
gen_b893069ef6f8,Anında Dijital,https://www.facebook.com/61587754243401/,http://fb.me/,100,DOLANDIRICI,True,0.8537,2,ibe vakifbank r . maas. | ¢ musterilerimize “— 150.000 tl faizsiz kredi | 3 ay ertelemeli,ertelemeli|erteleme|ay ertelemeli,vakıfbank|vakifbank,False,fb.me,
gen_5a9139b3c420,KUŞÇUOĞLU LASTİK,https://www.facebook.com/Kuscuoglulastik/,,0,GÜVENLİ,False,0.0,0,"sinirli ud l 77,1 mpanval leet vel fal s iom 9 xampanya gecerlik tarihi f le s, )o subat 2026 - 28 s",,,False,,
gen_4c496493d1f8,Anında Dijital,https://www.facebook.com/61587754243401/,http://fb.me/,100,DOLANDIRICI,True,0.8537,2,ibe vakifbank r . maas. | ¢ musterilerimize “— 150.000 tl faizsiz kredi | 3 ay ertelemeli,ertelemeli|erteleme|ay ertelemeli,vakıfbank|vakifbank,False,fb.me,
gen_2614fd218f09,Pazarama,https://www.facebook.com/pazaramaco/,https://www.pazaramatatil.com/kampanya/vakifbank-world-kart-kampanyasi,85,DOLANDIRICI,True,0.8916,2,otel rezervasyonlarinizda vakifbank worldcard’a 6zel 7.500 tl indirim! 2 vakat bank ta pazaramatatil,,vakıfbank|vakifbank,False,www.pazaramatatil.com,
gen_7808a2400db1,Anında Dijital,https://www.facebook.com/61587754243401/,http://fb.me/,100,DOLANDIRICI,True,0.955,1,vakifbank kredi kart: kullanan musterilerimize ozel %o faizli>™~ 150.000 tl iihtiyag kredisi 3 ay er,hemen başvur|ertelemeli|erteleme|ay ertelemeli,vakıfbank|vakifbank,False,fb.me,
gen_a2e6cde2078c,Anında Dijital,https://www.facebook.com/61587754243401/,http://fb.me/,100,DOLANDIRICI,True,0.955,1,vakifbank kredi kart: kullanan musterilerimize ozel %o faizli>™~ 150.000 tl iihtiyag kredisi 3 ay er,hemen başvur|ertelemeli|erteleme|ay ertelemeli,vakıfbank|vakifbank,False,fb.me,
gen_4b0e678c7488,Anında Dijital,https://www.facebook.com/61587754243401/,http://fb.me/,100,DOLANDIRICI,True,0.8537,2,ibe vakifbank r . maas. | ¢ musterilerimize “— 150.000 tl faizsiz kredi | 3 ay ertelemeli,ertelemeli|erteleme|ay ertelemeli,vakıfbank|vakifbank,False,fb.me,
gen_2012254ab4ca,arcelikbasaran,https://l.facebook.com/l.php?u=https%3A%2F%2Fwww.instagram.com%2F_u%2Farcelikbasaran&h=AT6ofPfUmxfxSkNH4mq2kE09STjkxNpK-kc2gQk8dgJwW8NPFpHQG2tNvgc9WhGmI1j6DxZd5UOUTHtmNIUyLYOa20uTXdTqsnp3HPPxN2k1of0zDAqYajTokupP-zaJ-iZLJWQ78mJ_odlnCupS4t_fW3g,https://www.instagram.com/_u/arcelikbasaran,65,ŞÜPHELİ,False,0.0,0,"prosmart4nverter motor . ® gamasgir ekleme kazan temizieme “ gocuk kilidi 10 kg 1200,devir arcelik c",,vakıfbank|vakifbank,False,www.instagram.com,
gen_0a5adc09de7a,Anında Dijital,https://www.facebook.com/61587754243401/,http://fb.me/,100,DOLANDIRICI,True,0.8537,2,ibe vakifbank r . maas. | ¢ musterilerimize “— 150.000 tl faizsiz kredi | 3 ay ertelemeli,ertelemeli|erteleme|ay ertelemeli,vakıfbank|vakifbank,False,fb.me,
gen_645013724a8d,,https://l.facebook.com/l.php?u=https%3A%2F%2Fwww.mngturizm.com%2Felit-alsace-colmar-turu-1-mayis-donemi-thy-ile-3-gece-avm370&h=AT6ofPfUmxfxSkNH4mq2kE09STjkxNpK-kc2gQk8dgJwW8NPFpHQG2tNvgc9WhGmI1j6DxZd5UOUTHtmNIUyLYOa20uTXdTqsnp3HPPxN2k1of0zDAqYajTokupP-zaJ-iZLJWQ78mJ_odlnCupS4t_fW3g,https://www.mngturizm.com/elit-alsace-colmar-turu-1-mayis-donemi-thy-ile-3-gece-avm370,70,DOLANDIRICI,True,0.7585,2,"elit alsace ve colmar 2con ees 4 gun tum geziler dahil, ekstra tur odemesi yok! o 026 j vakstbank ie",,,False,www.mngturizm.com,
gen_c8a7f754412a,,https://l.facebook.com/l.php?u=https%3A%2F%2Fwww.mngturizm.com%2Felit-alsace-colmar-turu-1-mayis-donemi-thy-ile-3-gece-avm370&h=AT6ofPfUmxfxSkNH4mq2kE09STjkxNpK-kc2gQk8dgJwW8NPFpHQG2tNvgc9WhGmI1j6DxZd5UOUTHtmNIUyLYOa20uTXdTqsnp3HPPxN2k1of0zDAqYajTokupP-zaJ-iZLJWQ78mJ_odlnCupS4t_fW3g,https://www.mngturizm.com/elit-alsace-colmar-turu-1-mayis-donemi-thy-ile-3-gece-avm370,70,DOLANDIRICI,True,0.3397,1,|_imayis donemi_ | elit hollanda amsterdam keukenhof bahgeleri girrisi dahil | 3cece tyrie | 4 gun 6,,,False,www.mngturizm.com,
gen_8b1c329f6e8d,,https://l.facebook.com/l.php?u=https%3A%2F%2Fwww.mngturizm.com%2Felit-alsace-colmar-turu-1-mayis-donemi-thy-ile-3-gece-avm370&h=AT6ofPfUmxfxSkNH4mq2kE09STjkxNpK-kc2gQk8dgJwW8NPFpHQG2tNvgc9WhGmI1j6DxZd5UOUTHtmNIUyLYOa20uTXdTqsnp3HPPxN2k1of0zDAqYajTokupP-zaJ-iZLJWQ78mJ_odlnCupS4t_fW3g,https://www.mngturizm.com/elit-alsace-colmar-turu-1-mayis-donemi-thy-ile-3-gece-avm370,85,DOLANDIRICI,True,0.5197,2,"—— s elit slovenya avusturya almanya _ | 3gece ,aeeren airlines tum geziler dahil, ekstra tur odemes",,vakıfbank|vakifbank,False,www.mngturizm.com,
gen_81a7c317c098,,https://l.facebook.com/l.php?u=https%3A%2F%2Fwww.mngturizm.com%2Felit-alsace-colmar-turu-1-mayis-donemi-thy-ile-3-gece-avm370&h=AT6ofPfUmxfxSkNH4mq2kE09STjkxNpK-kc2gQk8dgJwW8NPFpHQG2tNvgc9WhGmI1j6DxZd5UOUTHtmNIUyLYOa20uTXdTqsnp3HPPxN2k1of0zDAqYajTokupP-zaJ-iZLJWQ78mJ_odlnCupS4t_fW3g,https://www.mngturizm.com/elit-alsace-colmar-turu-1-mayis-donemi-thy-ile-3-gece-avm370,70,DOLANDIRICI,True,0.6079,3,"fa 1mayis donemi 2con ees 4gun ain geziler dahil, 50 nisan 2026] ekstra tur odemesi yok! {2 vakatban",,,False,www.mngturizm.com,
gen_d19b7e1c3901,Anında Dijital,https://www.facebook.com/61587754243401/,http://fb.me/,100,DOLANDIRICI,True,0.955,1,vakifbank kredi kart: kullanan musterilerimize ozel %o faizli>™~ 150.000 tl iihtiyag kredisi 3 ay er,hemen başvur|ertelemeli|erteleme|ay ertelemeli,vakıfbank|vakifbank,False,fb.me,
gen_15753a17a476,KUŞÇUOĞLU LASTİK,https://www.facebook.com/Kuscuoglulastik/,,25,GÜVENLİ,False,0.0,0,| kusguoglu _ 185/65r15 yaz lastikleri 2 © 0540 523 40 57. 0380'523 40 57 kultgr mah. kuyurncuzade b,,vakıfbank|vakifbank,False,,
gen_2ef44559907f,Anında Dijital,https://www.facebook.com/61587754243401/,http://fb.me/,100,DOLANDIRICI,True,0.955,1,vakifbank kredi kart: kullanan musterilerimize ozel %o faizli>™~ 150.000 tl iihtiyag kredisi 3 ay er,hemen başvur|ertelemeli|erteleme|ay ertelemeli,vakıfbank|vakifbank,False,fb.me,
gen_3fd2ee3be9b1,Anında Dijital,https://www.facebook.com/61587754243401/,http://fb.me/,100,DOLANDIRICI,True,0.8537,2,ibe vakifbank r . maas. | ¢ musterilerimize “— 150.000 tl faizsiz kredi | 3 ay ertelemeli,ertelemeli|erteleme|ay ertelemeli,vakıfbank|vakifbank,False,fb.me,
gen_14cf76ab88bb,Anında Dijital,https://www.facebook.com/61587754243401/,http://fb.me/,100,DOLANDIRICI,True,0.8537,2,ibe vakifbank r . maas. | ¢ musterilerimize “— 150.000 tl faizsiz kredi | 3 ay ertelemeli,ertelemeli|erteleme|ay ertelemeli,vakıfbank|vakifbank,False,fb.me,
gen_89c71e45cc7d,Anında Dijital,https://www.facebook.com/61587754243401/,http://fb.me/,100,DOLANDIRICI,True,0.955,1,vakifbank kredi kart: kullanan musterilerimize ozel %o faizli>™~ 150.000 tl iihtiyag kredisi 3 ay er,hemen başvur|ertelemeli|erteleme|ay ertelemeli,vakıfbank|vakifbank,False,fb.me,
gen_bb913719d8f6,Hüseyinoğlu Beko bayii,https://www.facebook.com/100046312934399/,http://instagram.com/feyzi_parlak,65,ŞÜPHELİ,False,0.0,0,ramazan bayramina ceyiz paketi kampanyasi basladi! yapikredi ve vakifbank karta pesin fiyat 9 ay tak,,vakıfbank|vakifbank,False,instagram.com,
gen_fef5a6c18fb7,Anında Dijital,https://www.facebook.com/61587754243401/,http://fb.me/,100,DOLANDIRICI,True,0.955,1,vakifbank kredi kart: kullanan musterilerimize ozel %o faizli>™~ 150.000 tl iihtiyag kredisi 3 ay er,hemen başvur|ertelemeli|erteleme|ay ertelemeli,vakıfbank|vakifbank,False,fb.me,
gen_817f9a585d7b,Yakında sona eriyor,https://www.facebook.com/61555462636928/,http://fb.me/,100,DOLANDIRICI,True,0.9175,3,“kredi karti ve sky limit kullanicilarina ozel” 130.000+ kredi firsati %0 faiz 3 ay ertelemeli hemen,ertelemeli|erteleme|ay ertelemeli,,False,fb.me,
gen_13bef2847be9,Anında Dijital,https://www.facebook.com/61587754243401/,http://fb.me/,100,DOLANDIRICI,True,0.8537,2,ibe vakifbank r . maas. | ¢ musterilerimize “— 150.000 tl faizsiz kredi | 3 ay ertelemeli,ertelemeli|erteleme|ay ertelemeli,vakıfbank|vakifbank,False,fb.me,
